ID,Hotel Name,City,Phone,Email,Website,Status,Date,Audit Notes
in-lead-001,hotel megha view,Dalhousie,1899242496,hotelmeghaview@gmail.com,,identified,2026-09-04,Indian Guest House in Dalhousie. No standalone booking website. High MakeMyTrip/OTA commission loss.
in-lead-002,Tibetan Guest House,Dalhousie,,intdalac@dal.ca,,identified,2026-09-04,Indian Guest House in Dalhousie. No standalone booking website. High MakeMyTrip/OTA commission loss.
in-lead-003,Zostel,Dalhousie,,reservations@zostel.com,,identified,2026-09-04,Indian Hostel in Dalhousie. No standalone booking website. High MakeMyTrip/OTA commission loss.
in-lead-004,Sandringham Hideout,Dalhousie,7009311130,support@scantrip.com,,identified,2026-09-04,Indian Hostel in Dalhousie. No standalone booking website. High MakeMyTrip/OTA commission loss.
in-lead-005,Sagrika Resort,Dalhousie,+91-7771862296,info@sagrikaresort.com,,identified,2026-09-04,Indian Hotel in Dalhousie. No standalone booking website. High MakeMyTrip/OTA commission loss.
in-lead-006,Forest Rest House,Dalhousie,9805583158,hpecosoc@gmail.com,,identified,2026-09-04,Indian Guest House in Dalhousie. No standalone booking website. High MakeMyTrip/OTA commission loss.
in-lead-007,Mahal Farms B&B,Kasauli,,mahalfarms@rediffmail.com,,identified,2026-09-04,Indian Hotel in Kasauli. No standalone booking website. High MakeMyTrip/OTA commission loss.
in-lead-008,Gleanview,Kasauli,8091577044,Reservation.rvkh@royalorchidhotels.com,,identified,2026-09-04,Indian Hostel in Kasauli. No standalone booking website. High MakeMyTrip/OTA commission loss.
in-lead-009,Hotel Paradise Continental,Mussoorie,9810444169,,,identified,2026-09-04,Indian Hotel in Mussoorie. No standalone booking website. High MakeMyTrip/OTA commission loss.
in-lead-010,Welcomhotel by ITC Savoy Hotel,Mussoorie,+91 9068491346,savoyreservations@savoyhotel.in,,identified,2026-09-04,Indian Hotel in Mussoorie. No standalone booking website. High MakeMyTrip/OTA commission loss.
in-lead-011,Padmini Nivas,Mussoorie,+91 7310804566,pnivas96@yahoo.in,,identified,2026-09-04,Indian Hotel in Mussoorie. No standalone booking website. High MakeMyTrip/OTA commission loss.
in-lead-012,Rokeby Manor,Mussoorie,+91- 9760245445,reservations@rokebymanor.com,,identified,2026-09-04,Indian Hotel in Mussoorie. No standalone booking website. High MakeMyTrip/OTA commission loss.
in-lead-013,Bunkotel,Mussoorie,,,,identified,2026-09-04,Indian Hostel in Mussoorie. No standalone booking website. High MakeMyTrip/OTA commission loss.
in-lead-014,Prospect Point Lodge,Mussoorie,,info@prospectpt.com,,identified,2026-09-04,Indian Guest House in Mussoorie. No standalone booking website. High MakeMyTrip/OTA commission loss.
in-lead-015,Pine Tree Lodge,Mussoorie,9760245445,hello@thepinetreehotel.com,,identified,2026-09-04,Indian Guest House in Mussoorie. No standalone booking website. High MakeMyTrip/OTA commission loss.
in-lead-016,The Cliffe,Mussoorie,8191900102,,,identified,2026-09-04,Indian Hotel in Mussoorie. No standalone booking website. High MakeMyTrip/OTA commission loss.
in-lead-017,Tulip Inn,Mussoorie,9675546443,info@hotelgreencastle.com,,identified,2026-09-04,Indian Hotel in Mussoorie. No standalone booking website. High MakeMyTrip/OTA commission loss.
in-lead-018,Club Mahindra,Mussoorie,+91 7302262599,memberexperience@mahindraholidays.com,,identified,2026-09-04,Indian Hotel in Mussoorie. No standalone booking website. High MakeMyTrip/OTA commission loss.
in-lead-019,Hotel raj palace,Mussoorie,+91-8393932338,,,identified,2026-09-04,Indian Hotel in Mussoorie. No standalone booking website. High MakeMyTrip/OTA commission loss.
in-lead-020,Rose paying guest house,Mussoorie,8287822801,madansingh140684@gmail.com,,identified,2026-09-04,Indian Guest House in Mussoorie. No standalone booking website. High MakeMyTrip/OTA commission loss.
in-lead-021,Kasmanda Palace,Mussoorie,01352632424,info@kasmandapalace.com,,identified,2026-09-04,Indian Hotel in Mussoorie. No standalone booking website. High MakeMyTrip/OTA commission loss.
in-lead-022,Hotel Mayur,Mussoorie,8191900102,reachus@thehotelmayur.com,,identified,2026-09-04,Indian Hotel in Mussoorie. No standalone booking website. High MakeMyTrip/OTA commission loss.
in-lead-023,Hotel Paramount,Mussoorie,8191900102,info@paramounthotels.com,,identified,2026-09-04,Indian Hotel in Mussoorie. No standalone booking website. High MakeMyTrip/OTA commission loss.
in-lead-024,The three oaks boutique hotel,Mussoorie,,,,identified,2026-09-04,Indian Hotel in Mussoorie. No standalone booking website. High MakeMyTrip/OTA commission loss.
in-lead-025,Paradise Mansion,Mussoorie,8958654654,mail@paradisemansion.in,,identified,2026-09-04,Indian Chalet in Mussoorie. No standalone booking website. High MakeMyTrip/OTA commission loss.
in-lead-026,Kaveri Hostel,Mussoorie,+91 9319276825,reservation@thesocialstays.com,,identified,2026-09-04,Indian Hostel in Mussoorie. No standalone booking website. High MakeMyTrip/OTA commission loss.
in-lead-027,Narmada Hostel,Mussoorie,+91 9424973958,hari@gmail.com,,identified,2026-09-04,Indian Hostel in Mussoorie. No standalone booking website. High MakeMyTrip/OTA commission loss.
in-lead-028,Ganga Hostel,Mussoorie,+91 9319276825,reservation@thesocialstays.com,,identified,2026-09-04,Indian Hostel in Mussoorie. No standalone booking website. High MakeMyTrip/OTA commission loss.
in-lead-029,Mahanadi Hostel,Mussoorie,,holidays@welcomheritagehotels.in,,identified,2026-09-04,Indian Hostel in Mussoorie. No standalone booking website. High MakeMyTrip/OTA commission loss.
in-lead-030,Vikas Hotel,Mussoorie,8191900102,,,identified,2026-09-04,Indian Hotel in Mussoorie. No standalone booking website. High MakeMyTrip/OTA commission loss.
in-lead-031,FabHotel Clock View,Mussoorie,,,,identified,2026-09-04,Indian Hotel in Mussoorie. No standalone booking website. High MakeMyTrip/OTA commission loss.
in-lead-032,Monarch hotel,Mussoorie,8191900102,vrhotelsandresorts@gmail.com,,identified,2026-09-04,Indian Hotel in Mussoorie. No standalone booking website. High MakeMyTrip/OTA commission loss.
in-lead-033,Shivalik Hills,Mussoorie,8743000181,booking@rchronline.com,,identified,2026-09-04,Indian Hotel in Mussoorie. No standalone booking website. High MakeMyTrip/OTA commission loss.
in-lead-034,Hotel Green Park,Goa,09322800100,contact@hotelgreenparkgoa.com,,identified,2026-09-04,Indian Hotel in Goa. No standalone booking website. High MakeMyTrip/OTA commission loss.
in-lead-035,Sunset Guesthouse,Goa,+91-7447443132,sunsetbeachresortgoa@gmail.com,,identified,2026-09-04,Indian Guest House in Goa. No standalone booking website. High MakeMyTrip/OTA commission loss.
in-lead-036,Mandovi,Goa,+91 8322224405,demandovigoa@gmail.com,,identified,2026-09-04,Indian Hotel in Goa. No standalone booking website. High MakeMyTrip/OTA commission loss.
in-lead-037,Royal Goan Beach Club at Monterio,Goa,,monterio@karmagroup.com,,identified,2026-09-04,Indian Hotel in Goa. No standalone booking website. High MakeMyTrip/OTA commission loss.
in-lead-038,Coconut Creek Hotel,Goa,,reservations@coconutcreekgoa.com,,identified,2026-09-04,Indian Hotel in Goa. No standalone booking website. High MakeMyTrip/OTA commission loss.
in-lead-039,Bogmalo Beach Resort,Goa,+91-8390904982,salesgoa@bogmallobeachresort.com,,identified,2026-09-04,Indian Hotel in Goa. No standalone booking website. High MakeMyTrip/OTA commission loss.
in-lead-040,Vivenda dos Palhacos,Goa,,info@vivendagoa.com,,identified,2026-09-04,Indian Hotel in Goa. No standalone booking website. High MakeMyTrip/OTA commission loss.
in-lead-041,Sea Queen Beach Resort,Goa,+91-9322607926,info@seaqueenbeachresort.com,,identified,2026-09-04,Indian Hotel in Goa. No standalone booking website. High MakeMyTrip/OTA commission loss.
in-lead-042,La Paz,Goa,+91 8130048450,res.lapazgoa@beaconhotels.com,,identified,2026-09-04,Indian Hotel in Goa. No standalone booking website. High MakeMyTrip/OTA commission loss.
in-lead-043,GTDC Calangute Residency,Goa,9890673030,contact@gtdchotel.com,,identified,2026-09-04,Indian Hotel in Goa. No standalone booking website. High MakeMyTrip/OTA commission loss.
in-lead-044,Hotel A Canoa,Goa,9822484446,hm@advanihotels.com,,identified,2026-09-04,Indian Hotel in Goa. No standalone booking website. High MakeMyTrip/OTA commission loss.
in-lead-045,Colva Beach Resort,Goa,9822586704,starbeachresortingoa@yahoo.co.in,,identified,2026-09-04,Indian Hotel in Goa. No standalone booking website. High MakeMyTrip/OTA commission loss.
in-lead-046,La Ben,Goa,,labenresort@gmail.com,,identified,2026-09-04,Indian Hotel in Goa. No standalone booking website. High MakeMyTrip/OTA commission loss.
in-lead-047,Hotel Neelam Grand,Goa,+91 9011086456,reservation@thegrandgoa.com,,identified,2026-09-04,Indian Hotel in Goa. No standalone booking website. High MakeMyTrip/OTA commission loss.
in-lead-048,Hotel Neelam Glitz,Goa,+91 9011086409,reservation@theglitzgoa.com,,identified,2026-09-04,Indian Hotel in Goa. No standalone booking website. High MakeMyTrip/OTA commission loss.
in-lead-049,Hotel Satyaheera,Goa,8191900086,,,identified,2026-09-04,Indian Hotel in Goa. No standalone booking website. High MakeMyTrip/OTA commission loss.
in-lead-050,Re:GEN:TA  Baywatch resort,Goa,+91 9028854531,reservations.rbrg@royalorchidhotels.com,,identified,2026-09-04,Indian Hotel in Goa. No standalone booking website. High MakeMyTrip/OTA commission loss.
in-lead-051,Villa Anjuna,Goa,+91 9822480050,contact@oasisvillagoa.com,,identified,2026-09-04,Indian Hotel in Goa. No standalone booking website. High MakeMyTrip/OTA commission loss.
in-lead-052,CLOSE2C,Goa,8880888277,Close2C@gmail.com,,identified,2026-09-04,Indian Hotel in Goa. No standalone booking website. High MakeMyTrip/OTA commission loss.
in-lead-053,Bhakti Kutir,Goa,9999966540,bhaktikutir@gmail.com,,identified,2026-09-04,Indian Guest House in Goa. No standalone booking website. High MakeMyTrip/OTA commission loss.
in-lead-054,Shantadurga Guest House,Goa,+91 9834513091,office@shreeshantadurga.com,,identified,2026-09-04,Indian Guest House in Goa. No standalone booking website. High MakeMyTrip/OTA commission loss.
in-lead-055,Dunes Holiday Village,Goa,+919423314196,dunes13@rediffmail.com,,identified,2026-09-04,Indian Hotel in Goa. No standalone booking website. High MakeMyTrip/OTA commission loss.
in-lead-056,Fort Tiracol,Goa,+91 9015476476,reservations.goa@saracahotels.com,,identified,2026-09-04,Indian Hotel in Goa. No standalone booking website. High MakeMyTrip/OTA commission loss.
in-lead-057,Ashiyana,Goa,9552329013,reception@ashiyana.com,,identified,2026-09-04,Indian Hotel in Goa. No standalone booking website. High MakeMyTrip/OTA commission loss.
in-lead-058,Urmila Guest House,Goa,8191900086,,,identified,2026-09-04,Indian Guest House in Goa. No standalone booking website. High MakeMyTrip/OTA commission loss.
in-lead-059,Sun N Sand,Pune,9699615779,reservations@sunnsandpune.com,,identified,2026-09-04,Indian Hotel in Pune. No standalone booking website. High MakeMyTrip/OTA commission loss.
in-lead-060,Sriman,Pune,,travel@blessingsonthenet.com,,identified,2026-09-04,Indian Hotel in Pune. No standalone booking website. High MakeMyTrip/OTA commission loss.
in-lead-061,Sirona,Pune,,contact@sironamedical.com,,identified,2026-09-04,Indian Hotel in Pune. No standalone booking website. High MakeMyTrip/OTA commission loss.
in-lead-062,Aurora Towers,Pune,,reservations@hotelauroratowers.in,,identified,2026-09-04,Indian Hotel in Pune. No standalone booking website. High MakeMyTrip/OTA commission loss.
in-lead-063,Raviraj,Pune,+91 7798003470,hotelraviraj@gmail.com,,identified,2026-09-04,Indian Hotel in Pune. No standalone booking website. High MakeMyTrip/OTA commission loss.
in-lead-064,Sagar Plaza,Pune,+91 7448070707,rooms.chkn@theclickhotels.com,,identified,2026-09-04,Indian Hotel in Pune. No standalone booking website. High MakeMyTrip/OTA commission loss.
in-lead-065,The Gordon House,Pune,9867505247,salesghh@mars-world.com,,identified,2026-09-04,Indian Hotel in Pune. No standalone booking website. High MakeMyTrip/OTA commission loss.
in-lead-066,MIT School Of Design,Pune,2067652300,admissions.mitid@mituniversity.edu.in,,identified,2026-09-04,Indian Hostel in Pune. No standalone booking website. High MakeMyTrip/OTA commission loss.
in-lead-067,P.G.HOSTEL,Pune,+919063081081,contact@gopgo.in,,identified,2026-09-04,Indian Hostel in Pune. No standalone booking website. High MakeMyTrip/OTA commission loss.
in-lead-068,Hotel Executive Residency,Pune,,,,identified,2026-09-04,Indian Hotel in Pune. No standalone booking website. High MakeMyTrip/OTA commission loss.
in-lead-069,shitai hotel,Pune,,reservations@shantaihotel.com,,identified,2026-09-04,Indian Hotel in Pune. No standalone booking website. High MakeMyTrip/OTA commission loss.
in-lead-070,IISER New Hall of Residence,Pune,,admissions@iiserpune.ac.in,,identified,2026-09-04,Indian Hostel in Pune. No standalone booking website. High MakeMyTrip/OTA commission loss.
in-lead-071,MAE girls hostel,Pune,+91-8904979434,enquiry@vidyaniketanhostels.com,,identified,2026-09-04,Indian Hostel in Pune. No standalone booking website. High MakeMyTrip/OTA commission loss.
in-lead-072,Sadanand,Pune,+91-8128871576,reservations@sadanandregency.com,,identified,2026-09-04,Indian Hotel in Pune. No standalone booking website. High MakeMyTrip/OTA commission loss.
in-lead-073,Viva Inn,Pune,,,,identified,2026-09-04,Indian Hotel in Pune. No standalone booking website. High MakeMyTrip/OTA commission loss.
in-lead-074,Ritz Hotel,Pune,,rc.pnqrz.reservations@marriott.com,,identified,2026-09-04,Indian Hotel in Pune. No standalone booking website. High MakeMyTrip/OTA commission loss.
in-lead-075,Takshashila,Pune,9589038220,takshshila.ac.in@gmail.com,,identified,2026-09-04,Indian Apartment in Pune. No standalone booking website. High MakeMyTrip/OTA commission loss.
in-lead-076,Meghmalhar,Pune,+91-7517744111,meghmalhartourism@gmail.com,,identified,2026-09-04,Indian Apartment in Pune. No standalone booking website. High MakeMyTrip/OTA commission loss.
in-lead-077,Ganga Bhagyoday,Pune,02041420000,sales@goelganga.com,,identified,2026-09-04,Indian Apartment in Pune. No standalone booking website. High MakeMyTrip/OTA commission loss.
in-lead-078,Rahane Arcade,Pune,,contact@ajinkyarahane.co.in,,identified,2026-09-04,Indian Apartment in Pune. No standalone booking website. High MakeMyTrip/OTA commission loss.
in-lead-079,Chandan Heights,Pune,,,,identified,2026-09-04,Indian Apartment in Pune. No standalone booking website. High MakeMyTrip/OTA commission loss.
in-lead-080,Swagat Luxury Lodging,Pune,+919860745456,,,identified,2026-09-04,Indian Hotel in Pune. No standalone booking website. High MakeMyTrip/OTA commission loss.
in-lead-081,Shreemangal Palace,Pune,,,,identified,2026-09-04,Indian Apartment in Pune. No standalone booking website. High MakeMyTrip/OTA commission loss.
in-lead-082,Chandrakant Residency A,Pune,+91 9819896322,chandrakantpatil0796@gmail.com,,identified,2026-09-04,Indian Apartment in Pune. No standalone booking website. High MakeMyTrip/OTA commission loss.
in-lead-083,Jijai Palace,Pune,,,,identified,2026-09-04,Indian Apartment in Pune. No standalone booking website. High MakeMyTrip/OTA commission loss.
in-lead-084,Jijai Heights,Pune,,,,identified,2026-09-04,Indian Apartment in Pune. No standalone booking website. High MakeMyTrip/OTA commission loss.
in-lead-085,Sukalyan,Pune,,sukalyan.adhikary@itcinfotech.com,,identified,2026-09-04,Indian Apartment in Pune. No standalone booking website. High MakeMyTrip/OTA commission loss.
in-lead-086,Pankaj Society,Pune,+91-9764515697,info@pankajdevelopers.com,,identified,2026-09-04,Indian Apartment in Pune. No standalone booking website. High MakeMyTrip/OTA commission loss.
in-lead-087,Bhalchandra,Pune,,sales@jfe-eng.co.in,,identified,2026-09-04,Indian Apartment in Pune. No standalone booking website. High MakeMyTrip/OTA commission loss.
in-lead-088,Shrikunjshri,Pune,9922268412,info@shrikrishnaenterprises.net,,identified,2026-09-04,Indian Apartment in Pune. No standalone booking website. High MakeMyTrip/OTA commission loss.
in-lead-089,Sai Residency,Pune,+91-7383452964,,,identified,2026-09-04,Indian Apartment in Pune. No standalone booking website. High MakeMyTrip/OTA commission loss.
in-lead-090,Bharat Vihar,Pune,,secretarial@bharatforge.com,,identified,2026-09-04,Indian Apartment in Pune. No standalone booking website. High MakeMyTrip/OTA commission loss.
in-lead-091,Shiv Shahi Complex,Pune,,contactus@commonfloor.com,,identified,2026-09-04,Indian Apartment in Pune. No standalone booking website. High MakeMyTrip/OTA commission loss.
in-lead-092,Dnyaneshwari Niwas,Pune,+918999548821,agency2050@gmail.com,,identified,2026-09-04,Indian Apartment in Pune. No standalone booking website. High MakeMyTrip/OTA commission loss.
in-lead-093,Vrundavan Vihar,Pune,+91 9322337119,contactus@commonfloor.com,,identified,2026-09-04,Indian Apartment in Pune. No standalone booking website. High MakeMyTrip/OTA commission loss.
in-lead-094,Chandrat,Pune,,contact@chandratech.com,,identified,2026-09-04,Indian Apartment in Pune. No standalone booking website. High MakeMyTrip/OTA commission loss.
in-lead-095,Vijaya Smruti,Pune,+91 9981459814,info@keyproperty.in,,identified,2026-09-04,Indian Apartment in Pune. No standalone booking website. High MakeMyTrip/OTA commission loss.
in-lead-096,Saumitra,Pune,,info@simulations-plus.com,,identified,2026-09-04,Indian Apartment in Pune. No standalone booking website. High MakeMyTrip/OTA commission loss.
in-lead-097,Mukta Residency,Pune,,contactus@commonfloor.com,,identified,2026-09-04,Indian Apartment in Pune. No standalone booking website. High MakeMyTrip/OTA commission loss.
in-lead-098,Jagdamba Apartment,Pune,,,,identified,2026-09-04,Indian Apartment in Pune. No standalone booking website. High MakeMyTrip/OTA commission loss.
in-lead-099,Vitthal Complex,Pune,,support@beyondwalls.com,,identified,2026-09-04,Indian Apartment in Pune. No standalone booking website. High MakeMyTrip/OTA commission loss.
in-lead-100,Lake Vintage,Pune,,info@vintagemagnality.com,,identified,2026-09-04,Indian Apartment in Pune. No standalone booking website. High MakeMyTrip/OTA commission loss.
in-lead-101,Bhakti Apartment,Pune,9881254056,,,identified,2026-09-04,Indian Apartment in Pune. No standalone booking website. High MakeMyTrip/OTA commission loss.
in-lead-102,Wonder Futura,Pune,,,,identified,2026-09-04,Indian Apartment in Pune. No standalone booking website. High MakeMyTrip/OTA commission loss.
in-lead-103,Satyam Shrey,Pune,8181817136,,,identified,2026-09-04,Indian Apartment in Pune. No standalone booking website. High MakeMyTrip/OTA commission loss.
in-lead-104,Shree Swami Landmark,Pune,+918047523414,,,identified,2026-09-04,Indian Apartment in Pune. No standalone booking website. High MakeMyTrip/OTA commission loss.
in-lead-105,Hotel Abhijeet New Sweet Home,Pune,,,,identified,2026-09-04,Indian Hotel in Pune. No standalone booking website. High MakeMyTrip/OTA commission loss.
in-lead-106,Marriott Suites Pune,Pune,+912067257777,mhrs.pnqms.reservation@marriotthotels.com,,identified,2026-09-04,Indian Hotel in Pune. No standalone booking website. High MakeMyTrip/OTA commission loss.
in-lead-107,DRDO Diat Guest House ,Pune,+91 8830423401,a@diat.ac.in,,identified,2026-09-04,Indian Guest House in Pune. No standalone booking website. High MakeMyTrip/OTA commission loss.
in-lead-108,cloud 9,Pune,,info@cloudninecare.com,,identified,2026-09-04,Indian Camp Site in Pune. No standalone booking website. High MakeMyTrip/OTA commission loss.
in-lead-109,Cottage Cold Corner,Manali,+91-9805043677,cottagecoldcorner@gmail.com,,identified,2026-09-07,Indian Guest House in Manali. No standalone booking website. High MakeMyTrip/OTA commission loss.
in-lead-110,Appleview Guesthouse,Manali,8191900102,,,identified,2026-09-07,Indian Guest House in Manali. No standalone booking website. High MakeMyTrip/OTA commission loss.
in-lead-111,Casa Bella Vista,Manali,9988444488,,,identified,2026-09-07,Indian Guest House in Manali. No standalone booking website. High MakeMyTrip/OTA commission loss.
in-lead-112,Drifters Cafe and Guest House,Manali,8191900102,,,identified,2026-09-07,Indian Guest House in Manali. No standalone booking website. High MakeMyTrip/OTA commission loss.
in-lead-113,Valley of the Gods,Manali,,,,identified,2026-09-07,Indian Guest House in Manali. No standalone booking website. High MakeMyTrip/OTA commission loss.
in-lead-114,Snowcrests Manor,Manali,,,,identified,2026-09-07,Indian Hotel in Manali. No standalone booking website. High MakeMyTrip/OTA commission loss.
in-lead-115,Sonam Guest House,Manali,+91 9469272773,support@scantrip.com,,identified,2026-09-07,Indian Guest House in Manali. No standalone booking website. High MakeMyTrip/OTA commission loss.
in-lead-116,Ambika,Manali,9971905514,ambikahotelmanali@gmail.com,,identified,2026-09-07,Indian Hotel in Manali. No standalone booking website. High MakeMyTrip/OTA commission loss.
in-lead-117,Anand,Manali,,,,identified,2026-09-07,Indian Guest House in Manali. No standalone booking website. High MakeMyTrip/OTA commission loss.
in-lead-118,Apple Villa,Manali,+91-6283186303,,,identified,2026-09-07,Indian Guest House in Manali. No standalone booking website. High MakeMyTrip/OTA commission loss.
in-lead-119,Ashok Mayur,Manali,9988719998,,,identified,2026-09-07,Indian Guest House in Manali. No standalone booking website. High MakeMyTrip/OTA commission loss.
in-lead-120,Blue Heaven,Manali,8700849966,b2bratesankittravelstories@gmail.com,,identified,2026-09-07,Indian Guest House in Manali. No standalone booking website. High MakeMyTrip/OTA commission loss.
in-lead-121,Brahma,Manali,8191900102,,,identified,2026-09-07,Indian Guest House in Manali. No standalone booking website. High MakeMyTrip/OTA commission loss.
in-lead-122,Broadways Inn,Manali,+91 9736199990,,,identified,2026-09-07,Indian Hotel in Manali. No standalone booking website. High MakeMyTrip/OTA commission loss.
in-lead-123,Chandra Bhaga,Manali,8219493309,keylong@hptdc.in,,identified,2026-09-07,Indian Hotel in Manali. No standalone booking website. High MakeMyTrip/OTA commission loss.
in-lead-124,Chelsea,Manali,8191900102,atn@pcgosaka.org,,identified,2026-09-07,Indian Hotel in Manali. No standalone booking website. High MakeMyTrip/OTA commission loss.
in-lead-125,Devidyar,Manali,,,,identified,2026-09-07,Indian Hotel in Manali. No standalone booking website. High MakeMyTrip/OTA commission loss.
in-lead-126,Dhungri Huts,Manali,8191900102,,,identified,2026-09-07,Indian Hotel in Manali. No standalone booking website. High MakeMyTrip/OTA commission loss.
in-lead-127,Diamond,Manali,,,,identified,2026-09-07,Indian Hotel in Manali. No standalone booking website. High MakeMyTrip/OTA commission loss.
in-lead-128,Dragon,Manali,,support@dragonhilllodge.zendesk.com,,identified,2026-09-07,Indian Guest House in Manali. No standalone booking website. High MakeMyTrip/OTA commission loss.
in-lead-129,Dribu,Manali,+919509590700,support@triplihotels.com,,identified,2026-09-07,Indian Hotel in Manali. No standalone booking website. High MakeMyTrip/OTA commission loss.
in-lead-130,Dulbul,Manali,+91-7018395047,info@ehimachal.org,,identified,2026-09-07,Indian Hotel in Manali. No standalone booking website. High MakeMyTrip/OTA commission loss.
in-lead-131,Gandhra,Manali,8191900102,reservations@itchotels.com,,identified,2026-09-07,Indian Hotel in Manali. No standalone booking website. High MakeMyTrip/OTA commission loss.
in-lead-132,Gaurav,Manali,8540313515,aj@yahoo.com,,identified,2026-09-07,Indian Guest House in Manali. No standalone booking website. High MakeMyTrip/OTA commission loss.
in-lead-133,Holiday Inn,Jaipur,+91 9799393668,reservation@holidayinnjaipur.in,,identified,2026-09-07,Indian Hotel in Jaipur. No standalone booking website. High MakeMyTrip/OTA commission loss.
in-lead-134,Jasvilas,Jaipur,,,,identified,2026-09-07,Indian Hotel in Jaipur. No standalone booking website. High MakeMyTrip/OTA commission loss.
in-lead-135,The Oberoi  Rajvilas,Jaipur,+91 9079067656,reservations@oberoigroup.com,,identified,2026-09-07,Indian Hotel in Jaipur. No standalone booking website. High MakeMyTrip/OTA commission loss.
in-lead-136,Royal Guest House,Jaipur,,stay@raashotels.com,,identified,2026-09-07,Indian Guest House in Jaipur. No standalone booking website. High MakeMyTrip/OTA commission loss.
in-lead-137,Shahpura House,Jaipur,+917891333399,reservations@shahpura.com,,identified,2026-09-07,Indian Hotel in Jaipur. No standalone booking website. High MakeMyTrip/OTA commission loss.
in-lead-138,Park Ocean,Jaipur,+91-9783077755,reservation@hotelparkocean.com,,identified,2026-09-07,Indian Hotel in Jaipur. No standalone booking website. High MakeMyTrip/OTA commission loss.
in-lead-139,Dera Rawatsar - Heritage Hotel,Jaipur,,service@derarawatsar.com,,identified,2026-09-07,Indian Hotel in Jaipur. No standalone booking website. High MakeMyTrip/OTA commission loss.
in-lead-140,Pearl Palace Hotel,Jaipur,+919414236323,reservationhpp@gmail.com,,identified,2026-09-07,Indian Hotel in Jaipur. No standalone booking website. High MakeMyTrip/OTA commission loss.
in-lead-141,Jaipur Inn,Jaipur,+91-9829488422,reservation@holidayinnjaipur.in,,identified,2026-09-07,Indian Hotel in Jaipur. No standalone booking website. High MakeMyTrip/OTA commission loss.
in-lead-142,Jwala Niketan,Jaipur,,,,identified,2026-09-07,Indian Hotel in Jaipur. No standalone booking website. High MakeMyTrip/OTA commission loss.
in-lead-143,Devraj Niwas - Boutique Hotel,Jaipur,,devrajniwasudaipur@gmail.com,,identified,2026-09-07,Indian Hotel in Jaipur. No standalone booking website. High MakeMyTrip/OTA commission loss.
in-lead-144,Alsisar's Haveli,Jaipur,+91-7665008141,alsisar@alsisar.com,,identified,2026-09-07,Indian Hotel in Jaipur. No standalone booking website. High MakeMyTrip/OTA commission loss.
in-lead-145,Hotel Om Tower,Jaipur,,info@hotelomtower.com,,identified,2026-09-07,Indian Hotel in Jaipur. No standalone booking website. High MakeMyTrip/OTA commission loss.
in-lead-146,Ever Green,Jaipur,,sjain@evergreengroups.com,,identified,2026-09-07,Indian Guest House in Jaipur. No standalone booking website. High MakeMyTrip/OTA commission loss.
in-lead-147,Akriti,Jaipur,+91-9810035348,info@akratijewelsinc.com,,identified,2026-09-07,Indian Guest House in Jaipur. No standalone booking website. High MakeMyTrip/OTA commission loss.
in-lead-148,Hari Mahal Palace,Jaipur,9166531111,info@pachargrouphotels.com,,identified,2026-09-07,Indian Hotel in Jaipur. No standalone booking website. High MakeMyTrip/OTA commission loss.
in-lead-149,CLMM Hotel,Jaipur,9891998899,jai.reservations@fairmont.com,,identified,2026-09-07,Indian Hotel in Jaipur. No standalone booking website. High MakeMyTrip/OTA commission loss.
in-lead-150,Bissau Palace Hotel,Jaipur,,reserve@bissaupalace.com,,identified,2026-09-07,Indian Hotel in Jaipur. No standalone booking website. High MakeMyTrip/OTA commission loss.
in-lead-151,Royal orchid,Jaipur,+91 8003299929,gm.hroj@royalorchidhotels.com,,identified,2026-09-07,Indian Hotel in Jaipur. No standalone booking website. High MakeMyTrip/OTA commission loss.
in-lead-152,Golden Inn,Jaipur,8456084555,,,identified,2026-09-07,Indian Hotel in Jaipur. No standalone booking website. High MakeMyTrip/OTA commission loss.
in-lead-153,Jai Mangal Palace,Jaipur,0141-2378901,mangal35@yahoo.co.in,,identified,2026-09-07,Indian Hotel in Jaipur. No standalone booking website. High MakeMyTrip/OTA commission loss.
in-lead-154,Hotel Shalimar,Jaipur,+919001166663,gaurav@hotel-shalimar.com,,identified,2026-09-07,Indian Hotel in Jaipur. No standalone booking website. High MakeMyTrip/OTA commission loss.
in-lead-155,Moustache,Jaipur,+911414034419,connect@moustachescapes.com,,identified,2026-09-07,Indian Hostel in Jaipur. No standalone booking website. High MakeMyTrip/OTA commission loss.
in-lead-156,Atithi,Jaipur,,,,identified,2026-09-07,Indian Guest House in Jaipur. No standalone booking website. High MakeMyTrip/OTA commission loss.
in-lead-157,Golden Manor,Jaipur,+91-9035212653,gm@goldenmanorjaipur.com,,identified,2026-09-07,Indian Hotel in Jaipur. No standalone booking website. High MakeMyTrip/OTA commission loss.
in-lead-158,Taj Lake Palace,Udaipur,,lakepalace.udaipur@tajhotels.com,,identified,2026-09-07,Indian Hotel in Udaipur. No standalone booking website. High MakeMyTrip/OTA commission loss.
in-lead-159,Hilltop Palace Hotel,Udaipur,+91-9784544798,hilltoppalacehotel@gmail.com,,identified,2026-09-07,Indian Hotel in Udaipur. No standalone booking website. High MakeMyTrip/OTA commission loss.
in-lead-160,The Leela Palace Kempinski Udaipur,Udaipur,,reservations@theleela.com,,identified,2026-09-07,Indian Hotel in Udaipur. No standalone booking website. High MakeMyTrip/OTA commission loss.
in-lead-161,The Oberoi Udaivilas,Udaipur,,reservations@oberoigroup.com,,identified,2026-09-07,Indian Hotel in Udaipur. No standalone booking website. High MakeMyTrip/OTA commission loss.
in-lead-162,Hotel Udaigarh,Udaipur,+91 294 2421239,mail@udaigarh.com,,identified,2026-09-07,Indian Hotel in Udaipur. No standalone booking website. High MakeMyTrip/OTA commission loss.
in-lead-163,Dream Heaven,Udaipur,,restaurant1359henx@gmail.com,,identified,2026-09-07,Indian Hotel in Udaipur. No standalone booking website. High MakeMyTrip/OTA commission loss.
in-lead-164,Ishwar Palace,Udaipur,,aniszaidi64@gmail.com,,identified,2026-09-07,Indian Guest House in Udaipur. No standalone booking website. High MakeMyTrip/OTA commission loss.
in-lead-165,Laxmi Vilas Hotel (The Lalit),Udaipur,,,,identified,2026-09-07,Indian Hotel in Udaipur. No standalone booking website. High MakeMyTrip/OTA commission loss.
in-lead-166,Hotel Trident,Udaipur,,reservations@tridenthotels.com,,identified,2026-09-07,Indian Hotel in Udaipur. No standalone booking website. High MakeMyTrip/OTA commission loss.
in-lead-167,Fatehgarh Hotel,Udaipur,+91 8696945109,fatehgarh@fatehcollection.com,,identified,2026-09-07,Indian Hotel in Udaipur. No standalone booking website. High MakeMyTrip/OTA commission loss.
in-lead-168,Lake View,Udaipur,+91 7849848785,crslakeviewhotel@gmail.com,,identified,2026-09-07,Indian Guest House in Udaipur. No standalone booking website. High MakeMyTrip/OTA commission loss.
in-lead-169,Atiti,Udaipur,+91-9680060920,reservations@oberoigroup.com,,identified,2026-09-07,Indian Guest House in Udaipur. No standalone booking website. High MakeMyTrip/OTA commission loss.
in-lead-170,Luxury Palace,Udaipur,,reservations.aravali@tajhotels.com,,identified,2026-09-07,Indian Hotel in Udaipur. No standalone booking website. High MakeMyTrip/OTA commission loss.
in-lead-171,Pannadhay Palace,Udaipur,,,,identified,2026-09-07,Indian Hotel in Udaipur. No standalone booking website. High MakeMyTrip/OTA commission loss.
in-lead-172,Raj Palace,Udaipur,+91 1412634077,reservations@rajpalace.in,,identified,2026-09-07,Indian Hotel in Udaipur. No standalone booking website. High MakeMyTrip/OTA commission loss.
in-lead-173,Shakti Palace,Udaipur,,,,identified,2026-09-07,Indian Hotel in Udaipur. No standalone booking website. High MakeMyTrip/OTA commission loss.
in-lead-174,Hotel Amet Haveli,Udaipur,+91 -7414044009,mail@amethaveliudaipur.com,,identified,2026-09-07,Indian Hotel in Udaipur. No standalone booking website. High MakeMyTrip/OTA commission loss.
in-lead-175,Radisson Blu,Udaipur,,,,identified,2026-09-07,Indian Hotel in Udaipur. No standalone booking website. High MakeMyTrip/OTA commission loss.
in-lead-176,Aranya Kutir,Udaipur,+91-6377207410,info@mertiahospitality.com,,identified,2026-09-07,Indian Guest House in Udaipur. No standalone booking website. High MakeMyTrip/OTA commission loss.
in-lead-177,Kankarwar Haweli,Udaipur,,info@kankarwahaveli.com,,identified,2026-09-07,Indian Hotel in Udaipur. No standalone booking website. High MakeMyTrip/OTA commission loss.
in-lead-178,Pushkar Palace Guest House,Udaipur,+91 8003993939,gm@bhanwarsinghpalace.com,,identified,2026-09-07,Indian Guest House in Udaipur. No standalone booking website. High MakeMyTrip/OTA commission loss.
in-lead-179,Jaiwana Haveli,Udaipur,+91 9829005859,info@jaiwanahaveli.com,,identified,2026-09-07,Indian Hotel in Udaipur. No standalone booking website. High MakeMyTrip/OTA commission loss.
in-lead-180,Hanuman Ghat Hotel - Jungle sturmfrei,Udaipur,,care@easemytrip.com,,identified,2026-09-07,Indian Hotel in Udaipur. No standalone booking website. High MakeMyTrip/OTA commission loss.
in-lead-181,Bunkyard,Udaipur,+919530095311,,,identified,2026-09-07,Indian Hostel in Udaipur. No standalone booking website. High MakeMyTrip/OTA commission loss.
in-lead-182,Jag niwas,Udaipur,+91 7073000378,mail@jagatniwaspalace.com,,identified,2026-09-07,Indian Guest House in Udaipur. No standalone booking website. High MakeMyTrip/OTA commission loss.
in-lead-183,JJ Cottages,Munnar,,jjcottagemnr@gmail.com,,identified,2026-09-07,Indian Guest House in Munnar. No standalone booking website. High MakeMyTrip/OTA commission loss.
in-lead-184,Copper Castle,Munnar,9400069201,reservations@abadhotels.com,,identified,2026-09-07,Indian Hotel in Munnar. No standalone booking website. High MakeMyTrip/OTA commission loss.
in-lead-185,Moonlight Homestay,Munnar,+91 9446515518,,,identified,2026-09-07,Indian Guest House in Munnar. No standalone booking website. High MakeMyTrip/OTA commission loss.
in-lead-186,Vinagaya,Munnar,,,,identified,2026-09-07,Indian Hotel in Munnar. No standalone booking website. High MakeMyTrip/OTA commission loss.
in-lead-187,Kaippallil Homestay,Munnar,,,,identified,2026-09-07,Indian Guest House in Munnar. No standalone booking website. High MakeMyTrip/OTA commission loss.
in-lead-188,Arfa Tourist Home,Munnar,,aidatouristhomemnr@gmail.com,,identified,2026-09-07,Indian Hotel in Munnar. No standalone booking website. High MakeMyTrip/OTA commission loss.
in-lead-189,Royal Retreat,Munnar,,royalretreatmunnar@gmail.com,,identified,2026-09-07,Indian Hotel in Munnar. No standalone booking website. High MakeMyTrip/OTA commission loss.
in-lead-190,Krishna Lodge,Munnar,,,,identified,2026-09-07,Indian Hotel in Munnar. No standalone booking website. High MakeMyTrip/OTA commission loss.
in-lead-191,Safa Lodge,Munnar,,safamunnar@gmail.com,,identified,2026-09-07,Indian Hotel in Munnar. No standalone booking website. High MakeMyTrip/OTA commission loss.
in-lead-192,Munnar Inn;KL-KEL-KMVD-50-AICS-06-272,Munnar,,,,identified,2026-09-07,Indian Hotel in Munnar. No standalone booking website. High MakeMyTrip/OTA commission loss.
in-lead-193,Hotel Almaaeda,Munnar,,hotelalamedahighline@gmail.com,,identified,2026-09-07,Indian Hotel in Munnar. No standalone booking website. High MakeMyTrip/OTA commission loss.
in-lead-194,Saravana Inn,Munnar,,saravanabhavan.munnar@gmail.com,,identified,2026-09-07,Indian Hotel in Munnar. No standalone booking website. High MakeMyTrip/OTA commission loss.
in-lead-195,Raahath Inn,Munnar,,,,identified,2026-09-07,Indian Hotel in Munnar. No standalone booking website. High MakeMyTrip/OTA commission loss.
in-lead-196,Hill View,Munnar,,,,identified,2026-09-07,Indian Hotel in Munnar. No standalone booking website. High MakeMyTrip/OTA commission loss.
in-lead-197,Aida Tourist Home,Munnar,,aidatouristhomemnr@gmail.com,,identified,2026-09-07,Indian Hotel in Munnar. No standalone booking website. High MakeMyTrip/OTA commission loss.
in-lead-198,Clouds Valley,Munnar,+91 4865230687,reservation@cloudsvalley.com,,identified,2026-09-07,Indian Hotel in Munnar. No standalone booking website. High MakeMyTrip/OTA commission loss.
in-lead-199,Kanan Devan Hills Club,Munnar,04868255420,munnar.kdhclub@gmail.com,,identified,2026-09-07,Indian Chalet in Munnar. No standalone booking website. High MakeMyTrip/OTA commission loss.
in-lead-200,Poopada,Munnar,,poopada@rediffmail.com,,identified,2026-09-07,Indian Hotel in Munnar. No standalone booking website. High MakeMyTrip/OTA commission loss.
in-lead-201,SMM Cottages,Munnar,,,,identified,2026-09-07,Indian Guest House in Munnar. No standalone booking website. High MakeMyTrip/OTA commission loss.
in-lead-202,Silver Tips,Munnar,+91 9567864152,gm@silvertipsmunnar.com,,identified,2026-09-07,Indian Hotel in Munnar. No standalone booking website. High MakeMyTrip/OTA commission loss.
in-lead-203,Blackberry Hills,Munnar,,reservations@blackberryresorts.com,,identified,2026-09-07,Indian Hotel in Munnar. No standalone booking website. High MakeMyTrip/OTA commission loss.
in-lead-204,Deshadan Mountain Resort,Munnar,,sales@swisscounty.com,,identified,2026-09-07,Indian Hotel in Munnar. No standalone booking website. High MakeMyTrip/OTA commission loss.
in-lead-205,7's TM Cottage,Munnar,+918943058448,booking@kamaraa.com,,identified,2026-09-07,Indian Hotel in Munnar. No standalone booking website. High MakeMyTrip/OTA commission loss.
in-lead-206,Grand Plaza,Munnar,+91 9746470119,info@grandplazamunnar.com,,identified,2026-09-07,Indian Hotel in Munnar. No standalone booking website. High MakeMyTrip/OTA commission loss.
in-lead-207,Hotel SN,Munnar,9048991144,,,identified,2026-09-07,Indian Hotel in Munnar. No standalone booking website. High MakeMyTrip/OTA commission loss.
in-lead-208,Savoy Hotel,Ooty,,reservations@ihcltata.com,,identified,2026-09-07,Indian Hotel in Ooty. No standalone booking website. High MakeMyTrip/OTA commission loss.
in-lead-209,Kings Cliffe,Ooty,,bookings@littlearth.in,,identified,2026-09-07,Indian Guest House in Ooty. No standalone booking website. High MakeMyTrip/OTA commission loss.
in-lead-210,Sullivan Court,Ooty,,reservations@itchotels.com,,identified,2026-09-07,Indian Hotel in Ooty. No standalone booking website. High MakeMyTrip/OTA commission loss.
in-lead-211,Ooty Gate,Ooty,,,,identified,2026-09-07,Indian Hotel in Ooty. No standalone booking website. High MakeMyTrip/OTA commission loss.
in-lead-212,Preethi paradise,Ooty,,,,identified,2026-09-07,Indian Hotel in Ooty. No standalone booking website. High MakeMyTrip/OTA commission loss.
in-lead-213,Hotel TamilNadu _ ooty,Ooty,+91 6380699288,info@yatradham.org,,identified,2026-09-07,Indian Hotel in Ooty. No standalone booking website. High MakeMyTrip/OTA commission loss.
in-lead-214,Sterling Resorts Elkhill,Ooty,+91 7969792007,info.resorts@sterlingholidays.com,,identified,2026-09-07,Indian Guest House in Ooty. No standalone booking website. High MakeMyTrip/OTA commission loss.
in-lead-215,Hotel Nahar,Ooty,+91 9880251410,mail@naharhotels.com,,identified,2026-09-07,Indian Hotel in Ooty. No standalone booking website. High MakeMyTrip/OTA commission loss.
in-lead-216,St. Margarets Holiday Home,Ooty,7418668740,,,identified,2026-09-07,Indian Guest House in Ooty. No standalone booking website. High MakeMyTrip/OTA commission loss.
in-lead-217,L&T Holiday home,Ooty,,,,identified,2026-09-07,Indian Guest House in Ooty. No standalone booking website. High MakeMyTrip/OTA commission loss.
in-lead-218,Darshan,Ooty,9047040059,hoteldarshan@yahoo.co.in,,identified,2026-09-07,Indian Hotel in Ooty. No standalone booking website. High MakeMyTrip/OTA commission loss.
in-lead-219,Monarch,Ooty,+91 9843007775,monarchooty@gmail.com,,identified,2026-09-07,Indian Hotel in Ooty. No standalone booking website. High MakeMyTrip/OTA commission loss.
in-lead-220,Charing Cross,Ooty,,mail@naharhotels.com,,identified,2026-09-07,Indian Hotel in Ooty. No standalone booking website. High MakeMyTrip/OTA commission loss.
in-lead-221,Lymond House,Ooty,,,,identified,2026-09-07,Indian Guest House in Ooty. No standalone booking website. High MakeMyTrip/OTA commission loss.
in-lead-222,Preethi Palace,Ooty,+91 9489580370,preethipalace@gmail.com,,identified,2026-09-07,Indian Hotel in Ooty. No standalone booking website. High MakeMyTrip/OTA commission loss.
in-lead-223,Hotel Venus,Ooty,,,,identified,2026-09-07,Indian Hotel in Ooty. No standalone booking website. High MakeMyTrip/OTA commission loss.
in-lead-224,gangotri sunrise,Ooty,,hgsooty@gmail.com,,identified,2026-09-07,Indian Hotel in Ooty. No standalone booking website. High MakeMyTrip/OTA commission loss.
in-lead-225,Hotel Jayasanthi,Ooty,,admin@chobs.in,,identified,2026-09-07,Indian Hotel in Ooty. No standalone booking website. High MakeMyTrip/OTA commission loss.
in-lead-226,welbeck residency,Ooty,+919442120000,welbeckreservation@gmail.com,,identified,2026-09-07,Indian Hotel in Ooty. No standalone booking website. High MakeMyTrip/OTA commission loss.
in-lead-227,comfort inn,Ooty,3122046911,,,identified,2026-09-07,Indian Hotel in Ooty. No standalone booking website. High MakeMyTrip/OTA commission loss.
in-lead-228,hill breeze,Ooty,+91-8904885532,,,identified,2026-09-07,Indian Hotel in Ooty. No standalone booking website. High MakeMyTrip/OTA commission loss.
in-lead-229,Classic Residency,Ooty,9442606507,booking@alwoodlands.com,,identified,2026-09-07,Indian Guest House in Ooty. No standalone booking website. High MakeMyTrip/OTA commission loss.
in-lead-230,Rainbow Cottages,Ooty,04232441221,,,identified,2026-09-07,Indian Guest House in Ooty. No standalone booking website. High MakeMyTrip/OTA commission loss.
in-lead-231,Gangothri,Ooty,,hgsooty@gmail.com,,identified,2026-09-07,Indian Hotel in Ooty. No standalone booking website. High MakeMyTrip/OTA commission loss.
in-lead-232,City Palace,Ooty,+91-8128946150,,,identified,2026-09-07,Indian Hotel in Ooty. No standalone booking website. High MakeMyTrip/OTA commission loss.
in-lead-233,Hotel Ellbee Ganga View,Rishikesh,,gangaview@ellbeehotels.com,,identified,2026-09-07,Indian Hotel in Rishikesh. No standalone booking website. High MakeMyTrip/OTA commission loss.
in-lead-234,Hotel Surya,Rishikesh,+91- 9412911207,hotelsunrise2018@gmail.com,,identified,2026-09-07,Indian Hotel in Rishikesh. No standalone booking website. High MakeMyTrip/OTA commission loss.
in-lead-235,Laxmi Lodge,Rishikesh,+91-9411326063,info@spottygo.com,,identified,2026-09-07,Indian Guest House in Rishikesh. No standalone booking website. High MakeMyTrip/OTA commission loss.
in-lead-236,GMVN-Bharat Bhoomi,Rishikesh,+91-135-2433002,gmvnreservationhq@gmail.com,,identified,2026-09-07,Indian Hotel in Rishikesh. No standalone booking website. High MakeMyTrip/OTA commission loss.
in-lead-237,Bhandari Swiss Cottage,Rishikesh,+91135 243 2939,,,identified,2026-09-07,Indian Hotel in Rishikesh. No standalone booking website. High MakeMyTrip/OTA commission loss.
in-lead-238,Om Blessed Cottage,Rishikesh,,,,identified,2026-09-07,Indian Hotel in Rishikesh. No standalone booking website. High MakeMyTrip/OTA commission loss.
in-lead-239,Yoga Villa,Rishikesh,01352440144,info@happyyogainternational.com,,identified,2026-09-07,Indian Hotel in Rishikesh. No standalone booking website. High MakeMyTrip/OTA commission loss.
in-lead-240,Negi Bhawan,Rishikesh,8126375433,,,identified,2026-09-07,Indian Guest House in Rishikesh. No standalone booking website. High MakeMyTrip/OTA commission loss.
in-lead-241,Swasti Yogshala,Rishikesh,,info@swastiyoga.com,,identified,2026-09-07,Indian Guest House in Rishikesh. No standalone booking website. High MakeMyTrip/OTA commission loss.
in-lead-242,Narayana Kunj,Rishikesh,+919758881169,,,identified,2026-09-07,Indian Hotel in Rishikesh. No standalone booking website. High MakeMyTrip/OTA commission loss.
in-lead-243,Pink,Rishikesh,9756538724,bookings@leisurehotels.in,,identified,2026-09-07,Indian Guest House in Rishikesh. No standalone booking website. High MakeMyTrip/OTA commission loss.
in-lead-244,Himalaya,Rishikesh,9012052669,info@himalayantreehotels.com,,identified,2026-09-07,Indian Guest House in Rishikesh. No standalone booking website. High MakeMyTrip/OTA commission loss.
in-lead-245,Green View,Rishikesh,+91- 7895800002,sales@greentreehotels.in,,identified,2026-09-07,Indian Hotel in Rishikesh. No standalone booking website. High MakeMyTrip/OTA commission loss.
in-lead-246,Ganga,Rishikesh,+917579153663,bookings@leisurehotels.in,,identified,2026-09-07,Indian Guest House in Rishikesh. No standalone booking website. High MakeMyTrip/OTA commission loss.
in-lead-247,Brijwasi Palace,Rishikesh,,care@easemytrip.com,,identified,2026-09-07,Indian Hotel in Rishikesh. No standalone booking website. High MakeMyTrip/OTA commission loss.
in-lead-248,Nirvana Palace,Rishikesh,+911352440300,reservations@hotelnirvanapalace.com,,identified,2026-09-07,Indian Hotel in Rishikesh. No standalone booking website. High MakeMyTrip/OTA commission loss.
in-lead-249,Green,Rishikesh,7434948,greenhotel63@gmail.com,,identified,2026-09-07,Indian Hotel in Rishikesh. No standalone booking website. High MakeMyTrip/OTA commission loss.
in-lead-250,Baba Ji,Rishikesh,9917139737,srimastrambabajii@gmail.com,,identified,2026-09-07,Indian Guest House in Rishikesh. No standalone booking website. High MakeMyTrip/OTA commission loss.
in-lead-251,Vashishth,Rishikesh,00911352440029,reservations@hotelyogvashishth.com,,identified,2026-09-07,Indian Guest House in Rishikesh. No standalone booking website. High MakeMyTrip/OTA commission loss.
in-lead-252,Rama,Rishikesh,01352434417,info@yoga-hymns.nl,,identified,2026-09-07,Indian Guest House in Rishikesh. No standalone booking website. High MakeMyTrip/OTA commission loss.
in-lead-253,Yog Vashishth,Rishikesh,+91352440030,reservations@hotelyogvashishth.com,,identified,2026-09-07,Indian Hotel in Rishikesh. No standalone booking website. High MakeMyTrip/OTA commission loss.
in-lead-254,Guru Ganga,Rishikesh,+91-6395383233,reservations@himalayan-hotels.com,,identified,2026-09-07,Indian Guest House in Rishikesh. No standalone booking website. High MakeMyTrip/OTA commission loss.
in-lead-255,Pyramid,Rishikesh,+91 8057825597,info@pyramidyogshala.com,,identified,2026-09-07,Indian Guest House in Rishikesh. No standalone booking website. High MakeMyTrip/OTA commission loss.
in-lead-256,Akshi Yogashala,Rishikesh,+91- 8077214182,akshiyogashala@gmail.com,,identified,2026-09-07,Indian Guest House in Rishikesh. No standalone booking website. High MakeMyTrip/OTA commission loss.
in-lead-257,Ananda,Rishikesh,09758164982,reservations@anandaspa.com,,identified,2026-09-07,Indian Guest House in Rishikesh. No standalone booking website. High MakeMyTrip/OTA commission loss.
in-lead-258,Diamond Hotel,Varanasi,7706079568,diamotel@diamondhotel.co.in,,identified,2026-09-07,Indian Hotel in Varanasi. No standalone booking website. High MakeMyTrip/OTA commission loss.
in-lead-259,Clark´s Hotel,Varanasi,+91 8528666343,reservations@clarkshotels.com,,identified,2026-09-07,Indian Hotel in Varanasi. No standalone booking website. High MakeMyTrip/OTA commission loss.
in-lead-260,Elvis Guest House,Varanasi,,,,identified,2026-09-07,Indian Hotel in Varanasi. No standalone booking website. High MakeMyTrip/OTA commission loss.
in-lead-261,Monu Family Guesthouse,Varanasi,5422400908,,,identified,2026-09-07,Indian Hotel in Varanasi. No standalone booking website. High MakeMyTrip/OTA commission loss.
in-lead-262,Yogi Lodge,Varanasi,,,,identified,2026-09-07,Indian Hotel in Varanasi. No standalone booking website. High MakeMyTrip/OTA commission loss.
in-lead-263,Palace on the Ganges,Varanasi,+91-7408423504,info@palaceonganges.com,,identified,2026-09-07,Indian Hotel in Varanasi. No standalone booking website. High MakeMyTrip/OTA commission loss.
in-lead-264,Temple on Ganges,Varanasi,9936528802,,,identified,2026-09-07,Indian Hotel in Varanasi. No standalone booking website. High MakeMyTrip/OTA commission loss.
in-lead-265,Broadway Hotel,Varanasi,+91 9792133338,info@newhotelbroadway.co.in,,identified,2026-09-07,Indian Hotel in Varanasi. No standalone booking website. High MakeMyTrip/OTA commission loss.
in-lead-266,Hotel Ashok,Varanasi,,,,identified,2026-09-07,Indian Hotel in Varanasi. No standalone booking website. High MakeMyTrip/OTA commission loss.
in-lead-267,Divya Hotel,Varanasi,,,,identified,2026-09-07,Indian Hotel in Varanasi. No standalone booking website. High MakeMyTrip/OTA commission loss.
in-lead-268,Scindia Guest House,Varanasi,,,,identified,2026-09-07,Indian Hotel in Varanasi. No standalone booking website. High MakeMyTrip/OTA commission loss.
in-lead-269,Shanti,Varanasi,08069266021,info@shantibanaras.com,,identified,2026-09-07,Indian Guest House in Varanasi. No standalone booking website. High MakeMyTrip/OTA commission loss.
in-lead-270,Hotel Varuna,Varanasi,+91 7800040271,,,identified,2026-09-07,Indian Hotel in Varanasi. No standalone booking website. High MakeMyTrip/OTA commission loss.
in-lead-271,OM Home Guest House,Varanasi,,,,identified,2026-09-07,Indian Guest House in Varanasi. No standalone booking website. High MakeMyTrip/OTA commission loss.
in-lead-272,M.K.P. Guest House,Varanasi,+91-7007864272,,,identified,2026-09-07,Indian Guest House in Varanasi. No standalone booking website. High MakeMyTrip/OTA commission loss.
in-lead-273,Sameer Paying Guest House,Varanasi,,,,identified,2026-09-07,Indian Guest House in Varanasi. No standalone booking website. High MakeMyTrip/OTA commission loss.
in-lead-274,Shree Rangam Paying Guest House,Varanasi,9842477733,shrisubhamresidency@gmail.com,,identified,2026-09-07,Indian Guest House in Varanasi. No standalone booking website. High MakeMyTrip/OTA commission loss.
in-lead-275,Siyaram Guest House,Varanasi,8604371687,,,identified,2026-09-07,Indian Guest House in Varanasi. No standalone booking website. High MakeMyTrip/OTA commission loss.
in-lead-276,OM Guest House,Varanasi,,,,identified,2026-09-07,Indian Guest House in Varanasi. No standalone booking website. High MakeMyTrip/OTA commission loss.
in-lead-277,Kesher Paying Guest House,Varanasi,,,,identified,2026-09-07,Indian Guest House in Varanasi. No standalone booking website. High MakeMyTrip/OTA commission loss.
in-lead-278,Ishan Paying Guest House,Varanasi,,ishan_house@yahoo.co.in,,identified,2026-09-07,Indian Guest House in Varanasi. No standalone booking website. High MakeMyTrip/OTA commission loss.
in-lead-279,Kedar Paying Guest House,Varanasi,+91-7379886950,kspayingguest@gmail.com,,identified,2026-09-07,Indian Guest House in Varanasi. No standalone booking website. High MakeMyTrip/OTA commission loss.
in-lead-280,Lord Vishnu Guest House,Varanasi,,support@scantrip.com,,identified,2026-09-07,Indian Guest House in Varanasi. No standalone booking website. High MakeMyTrip/OTA commission loss.
in-lead-281,Leela Guest House,Varanasi,,,,identified,2026-09-07,Indian Guest House in Varanasi. No standalone booking website. High MakeMyTrip/OTA commission loss.
in-lead-282,Vishnu Rest House,Varanasi,,vishnuresthouse2012@gmail.com,,identified,2026-09-07,Indian Guest House in Varanasi. No standalone booking website. High MakeMyTrip/OTA commission loss.
in-lead-283,Anand Palace,Darjeeling,,hotelanandpalace@gmail.com,,identified,2026-09-07,Indian Hotel in Darjeeling. No standalone booking website. High MakeMyTrip/OTA commission loss.
in-lead-284,Hotel Tranquility,Darjeeling,,info@rarehimalayas.net,,identified,2026-09-07,Indian Hotel in Darjeeling. No standalone booking website. High MakeMyTrip/OTA commission loss.
in-lead-285,Sunflower restaurant,Darjeeling,8981398739,sales@hotelsonarbangla.com,,identified,2026-09-07,Indian Hotel in Darjeeling. No standalone booking website. High MakeMyTrip/OTA commission loss.
in-lead-286,Planter's Club,Darjeeling,,thedarjeelingplantersclub@rediffmail.com,,identified,2026-09-07,Indian Hotel in Darjeeling. No standalone booking website. High MakeMyTrip/OTA commission loss.
in-lead-287,Tourist Lodge,Darjeeling,03542254411,info@nesteast.com,,identified,2026-09-07,Indian Hotel in Darjeeling. No standalone booking website. High MakeMyTrip/OTA commission loss.
in-lead-288,Hotel Sinclair,Darjeeling,9257108784,darjeeling@sinclairshotels.com,,identified,2026-09-07,Indian Hotel in Darjeeling. No standalone booking website. High MakeMyTrip/OTA commission loss.
in-lead-289,Kumar Kothi homestay,Darjeeling,8191900044,,https://de.airbnb.com/rooms/5298761,identified,2026-09-07,Indian Hostel in Darjeeling. No standalone booking website. High MakeMyTrip/OTA commission loss.
in-lead-290,Hotel Siddharth,Darjeeling,,reservations@mayfairhotels.com,,identified,2026-09-07,Indian Hotel in Darjeeling. No standalone booking website. High MakeMyTrip/OTA commission loss.
in-lead-291,Hotel North Star,Darjeeling,,,,identified,2026-09-07,Indian Hotel in Darjeeling. No standalone booking website. High MakeMyTrip/OTA commission loss.
in-lead-292,Pine Tree Spa Resort,Darjeeling,+91-8258034182,pinetreesparesorts@gmail.com,,identified,2026-09-07,Indian Hotel in Darjeeling. No standalone booking website. High MakeMyTrip/OTA commission loss.
in-lead-293,Happy Valley Homestay,Darjeeling,8101644723,happyvalleyhomestay@gmail.com,,identified,2026-09-07,Indian Hotel in Darjeeling. No standalone booking website. High MakeMyTrip/OTA commission loss.
in-lead-294,Magnolia Residency,Darjeeling,7980473406,Supporthelp@northbengaltourism.com,,identified,2026-09-07,Indian Hotel in Darjeeling. No standalone booking website. High MakeMyTrip/OTA commission loss.
in-lead-295,Shangri-La Hotel,Darjeeling,,shangriladarjeeling@gmail.com,,identified,2026-09-07,Indian Hotel in Darjeeling. No standalone booking website. High MakeMyTrip/OTA commission loss.
in-lead-296,Hotel Charlie,Darjeeling,8191900044,charliedarjeeling@gmail.com,,identified,2026-09-07,Indian Hotel in Darjeeling. No standalone booking website. High MakeMyTrip/OTA commission loss.
in-lead-297,Janta Lodge,Darjeeling,,jantalodge@gmail.com,,identified,2026-09-07,Indian Hotel in Darjeeling. No standalone booking website. High MakeMyTrip/OTA commission loss.
in-lead-298,Hotel Neelkamal,Darjeeling,8191900044,hotelneelkamal1972@gmail.com,,identified,2026-09-07,Indian Hotel in Darjeeling. No standalone booking website. High MakeMyTrip/OTA commission loss.
in-lead-299,Hotel Center Point,Darjeeling,8191900044,lom@centrepoint.com,,identified,2026-09-07,Indian Hotel in Darjeeling. No standalone booking website. High MakeMyTrip/OTA commission loss.
in-lead-300,Hotel Pradhan,Darjeeling,9434047113,hotelpradhan@gmail.com,,identified,2026-09-07,Indian Hotel in Darjeeling. No standalone booking website. High MakeMyTrip/OTA commission loss.
in-lead-301,Hotel Darjeeling Palace,Darjeeling,,reservations@windamerehotel.net,,identified,2026-09-07,Indian Hotel in Darjeeling. No standalone booking website. High MakeMyTrip/OTA commission loss.
in-lead-302,Krishna residency,Darjeeling,8191900044,,,identified,2026-09-07,Indian Hotel in Darjeeling. No standalone booking website. High MakeMyTrip/OTA commission loss.
in-lead-303,Hotel Dip Palace,Darjeeling,7583969481,info@hoteldippalace.com,,identified,2026-09-07,Indian Hotel in Darjeeling. No standalone booking website. High MakeMyTrip/OTA commission loss.
in-lead-304,Muscatel BhumSang,Darjeeling,+91-9732081111,,,identified,2026-09-07,Indian Hotel in Darjeeling. No standalone booking website. High MakeMyTrip/OTA commission loss.
in-lead-305,Hotel Sweet Home,Darjeeling,+91 - 9832063417,hotelsweethomedjl@gmail.com,,identified,2026-09-07,Indian Hotel in Darjeeling. No standalone booking website. High MakeMyTrip/OTA commission loss.
in-lead-306,Swiss Hotel,Darjeeling,+91 9832653441,sortyourstay2026@gmail.com,,identified,2026-09-07,Indian Hotel in Darjeeling. No standalone booking website. High MakeMyTrip/OTA commission loss.
in-lead-307,Hotel Tashi,Darjeeling,8191900044,,,identified,2026-09-07,Indian Hotel in Darjeeling. No standalone booking website. High MakeMyTrip/OTA commission loss.
in-lead-308,Honeymoon Inn,Shimla,+91-9810423675,sales@thetravelease.com,,identified,2026-09-07,Indian Hotel in Shimla. No standalone booking website. High MakeMyTrip/OTA commission loss.
in-lead-309,"Forest Rest House, Tattapani",Shimla,,,,identified,2026-09-07,Indian Guest House in Shimla. No standalone booking website. High MakeMyTrip/OTA commission loss.
in-lead-310,New Spring View,Shimla,,info@newspringview.com,,identified,2026-09-07,Indian Hotel in Shimla. No standalone booking website. High MakeMyTrip/OTA commission loss.
in-lead-311,Spars Lodge,Shimla,9816372323,reservations@sparslodge.com,,identified,2026-09-07,Indian Hotel in Shimla. No standalone booking website. High MakeMyTrip/OTA commission loss.
in-lead-312,Vishram,Shimla,+91 9974658061,info@vis-studyabroad.com,,identified,2026-09-07,Indian Guest House in Shimla. No standalone booking website. High MakeMyTrip/OTA commission loss.
in-lead-313,Peterhof,Shimla,,peterhof@hptdc.in,,identified,2026-09-07,Indian Hotel in Shimla. No standalone booking website. High MakeMyTrip/OTA commission loss.
in-lead-314,Hotel Rama Palace,Shimla,,nanakc155@gmail.com,,identified,2026-09-07,Indian Hotel in Shimla. No standalone booking website. High MakeMyTrip/OTA commission loss.
in-lead-315,Oberoi Cecil,Shimla,,reservations@oberoigroup.com,,identified,2026-09-07,Indian Hotel in Shimla. No standalone booking website. High MakeMyTrip/OTA commission loss.
in-lead-316,Landmark Hotel and lookout,Shimla,+91 - 8580700010,landmark.sml@gmail.com,,identified,2026-09-07,Indian Hotel in Shimla. No standalone booking website. High MakeMyTrip/OTA commission loss.
in-lead-317,Clarke's Hotel,Shimla,,Generalmanager.Clarkes@clarkesshimla.com,,identified,2026-09-07,Indian Hotel in Shimla. No standalone booking website. High MakeMyTrip/OTA commission loss.
in-lead-318,Hotel Combermere,Shimla,09816077907,hcs@sancharnet.in,,identified,2026-09-07,Indian Hotel in Shimla. No standalone booking website. High MakeMyTrip/OTA commission loss.
in-lead-319,Hotel Willow Bank,Shimla,+91 1772658125,info@willowbanks.com,,identified,2026-09-07,Indian Hotel in Shimla. No standalone booking website. High MakeMyTrip/OTA commission loss.
in-lead-320,Woodville Palace Hotel,Shimla,8874923456,woodvillepalace1938@gmail.com,,identified,2026-09-07,Indian Hotel in Shimla. No standalone booking website. High MakeMyTrip/OTA commission loss.
in-lead-321,Hotel Rahat Regency,Shimla,+91 - 9816053333,info@eaglehotelmanagement.com,,identified,2026-09-07,Indian Hotel in Shimla. No standalone booking website. High MakeMyTrip/OTA commission loss.
in-lead-322,Springfields Hotel,Shimla,,hotelspringfields@gmail.com,,identified,2026-09-07,Indian Hotel in Shimla. No standalone booking website. High MakeMyTrip/OTA commission loss.
in-lead-323,Hotel Amar Palace,Shimla,,,,identified,2026-09-07,Indian Hotel in Shimla. No standalone booking website. High MakeMyTrip/OTA commission loss.
in-lead-324,Ashoka Hotel,Shimla,9556835036,theashoka.shimla@gmail.com,,identified,2026-09-07,Indian Hotel in Shimla. No standalone booking website. High MakeMyTrip/OTA commission loss.
in-lead-325,Hotel White,Shimla,9650370325,hotelwhiteshimla@gmail.com,,identified,2026-09-07,Indian Hotel in Shimla. No standalone booking website. High MakeMyTrip/OTA commission loss.
in-lead-326,Chapslee Hotel,Shimla,+91 9560922004,chapsleesm@gmail.com,,identified,2026-09-07,Indian Hotel in Shimla. No standalone booking website. High MakeMyTrip/OTA commission loss.
in-lead-327,Janjatiya Bhawan,Shimla,9868503088,governorsecy-hp@nic.in,,identified,2026-09-07,Indian Guest House in Shimla. No standalone booking website. High MakeMyTrip/OTA commission loss.
in-lead-328,North Moon Home Stay,Shimla,9816423286,,,identified,2026-09-07,Indian Hotel in Shimla. No standalone booking website. High MakeMyTrip/OTA commission loss.
in-lead-329,Harmony Hotel,Shimla,7400056861,,,identified,2026-09-07,Indian Hotel in Shimla. No standalone booking website. High MakeMyTrip/OTA commission loss.
in-lead-330,Mahamaya Hotel (OYO),Shimla,,,,identified,2026-09-07,Indian Hotel in Shimla. No standalone booking website. High MakeMyTrip/OTA commission loss.
in-lead-331,Chail Palace,Shimla,,shimla@hptdc.in,,identified,2026-09-07,Indian Hotel in Shimla. No standalone booking website. High MakeMyTrip/OTA commission loss.
in-lead-332,Hotel Uphar,Shimla,,,,identified,2026-09-07,Indian Hotel in Shimla. No standalone booking website. High MakeMyTrip/OTA commission loss.
in-lead-333,Surya Resort,Lonavala,,sales@rdlonavala.com,,identified,2026-09-07,Indian Hotel in Lonavala. No standalone booking website. High MakeMyTrip/OTA commission loss.
in-lead-334,Kumar Resort and Water Park,Lonavala,09220000005,info@kumarresortlonavala.com,,identified,2026-09-07,Indian Hotel in Lonavala. No standalone booking website. High MakeMyTrip/OTA commission loss.
in-lead-335,Annapurna Hotel,Lonavala,,sales@rdlonavala.com,,identified,2026-09-07,Indian Hotel in Lonavala. No standalone booking website. High MakeMyTrip/OTA commission loss.
in-lead-336,Udipi Refreshment,Lonavala,+919762020668,,,identified,2026-09-07,Indian Hotel in Lonavala. No standalone booking website. High MakeMyTrip/OTA commission loss.
in-lead-337,Lonavla Restaurant,Lonavala,+91 8408996600,,,identified,2026-09-07,Indian Hotel in Lonavala. No standalone booking website. High MakeMyTrip/OTA commission loss.
in-lead-338,"Kumar Resort, Lonavala, Maharashtra",Lonavala,9220000005,info@kumarresortlonavala.com,,identified,2026-09-07,Indian Hotel in Lonavala. No standalone booking website. High MakeMyTrip/OTA commission loss.
in-lead-339,Retreat Heritage,Lonavala,+91-7411826193,reservations@retreathospitality.com,,identified,2026-09-07,Indian Hotel in Lonavala. No standalone booking website. High MakeMyTrip/OTA commission loss.
in-lead-340,kk Appartment,Lonavala,9321173000,info@kumarresortlonavala.com,,identified,2026-09-07,Indian Apartment in Lonavala. No standalone booking website. High MakeMyTrip/OTA commission loss.
in-lead-341,Highland Resort,Lonavala,8976828631,info@traveldhamaka.com,,identified,2026-09-07,Indian Hotel in Lonavala. No standalone booking website. High MakeMyTrip/OTA commission loss.
us-lead-342,Hotel Churchill,New York,,,,identified,2026-09-07,"Independent hotel in New York, USA. No direct booking website. Losing 15-25% commission to Booking.com/Expedia."
us-lead-343,Greenpoint Branch YMCA,New York,,,,identified,2026-09-07,"Independent hotel in New York, USA. No direct booking website. Losing 15-25% commission to Booking.com/Expedia."
us-lead-344,West Side YMCA,New York,,,,identified,2026-09-07,"Independent hotel in New York, USA. No direct booking website. Losing 15-25% commission to Booking.com/Expedia."
us-lead-345,Country Inn & Suites by Carlson,New York,,,,identified,2026-09-07,"Independent hotel in New York, USA. No direct booking website. Losing 15-25% commission to Booking.com/Expedia."
us-lead-346,Amsterdam Inn,New York,,,,identified,2026-09-07,"Independent hotel in New York, USA. No direct booking website. Losing 15-25% commission to Booking.com/Expedia."
us-lead-347,The Frederick Hotel,New York,,,,identified,2026-09-07,"Independent hotel in New York, USA. No direct booking website. Losing 15-25% commission to Booking.com/Expedia."
us-lead-348,Latham,New York,,,,identified,2026-09-07,"Independent hotel in New York, USA. No direct booking website. Losing 15-25% commission to Booking.com/Expedia."
us-lead-349,"The Standard, East Village",New York,+1-212-475-5700,,,identified,2026-09-07,"Independent hotel in New York, USA. No direct booking website. Losing 15-25% commission to Booking.com/Expedia."
us-lead-350,Clarion Hotel Park Avenue,New York,,,,identified,2026-09-07,"Independent hotel in New York, USA. No direct booking website. Losing 15-25% commission to Booking.com/Expedia."
us-lead-351,adour alan ducasse,New York,,,,identified,2026-09-07,"Independent hotel in New York, USA. No direct booking website. Losing 15-25% commission to Booking.com/Expedia."
us-lead-352,TRYP,New York,,,,identified,2026-09-07,"Independent hotel in New York, USA. No direct booking website. Losing 15-25% commission to Booking.com/Expedia."
us-lead-353,Inn at Great Neck,New York,,,,identified,2026-09-07,"Independent hotel in New York, USA. No direct booking website. Losing 15-25% commission to Booking.com/Expedia."
us-lead-354,Skyview Motel,New York,,,,identified,2026-09-07,"Independent hotel in New York, USA. No direct booking website. Losing 15-25% commission to Booking.com/Expedia."
us-lead-355,Holiday Inn Long Island City-Manhattan View,New York,,,,identified,2026-09-07,"Independent hotel in New York, USA. No direct booking website. Losing 15-25% commission to Booking.com/Expedia."
us-lead-356,Hotel Chelsea,New York,,,,identified,2026-09-07,"Independent hotel in New York, USA. No direct booking website. Losing 15-25% commission to Booking.com/Expedia."
us-lead-357,Miami International Airport Hotel,Miami,,,,identified,2026-09-07,"Independent hotel in Miami, USA. No direct booking website. Losing 15-25% commission to Booking.com/Expedia."
us-lead-358,Residences at Bayside - by Elite City Stays,Miami,,,,identified,2026-09-07,"Independent hotel in Miami, USA. No direct booking website. Losing 15-25% commission to Booking.com/Expedia."
us-lead-359,Sra. Betty,Miami,,,,identified,2026-09-07,"Independent hotel in Miami, USA. No direct booking website. Losing 15-25% commission to Booking.com/Expedia."
us-lead-360,Casa del mango,Miami,,,,identified,2026-09-07,"Independent hotel in Miami, USA. No direct booking website. Losing 15-25% commission to Booking.com/Expedia."
us-lead-361,Casa d dunier,Miami,,,,identified,2026-09-07,"Independent hotel in Miami, USA. No direct booking website. Losing 15-25% commission to Booking.com/Expedia."
us-lead-362,Casa Grande 4351,Miami,,,,identified,2026-09-07,"Independent hotel in Miami, USA. No direct booking website. Losing 15-25% commission to Booking.com/Expedia."
us-lead-363,Casa Trinidad at #1,Miami,,,,identified,2026-09-07,"Independent hotel in Miami, USA. No direct booking website. Losing 15-25% commission to Booking.com/Expedia."
us-lead-364,Rewal's house,Miami,,,,identified,2026-09-07,"Independent hotel in Miami, USA. No direct booking website. Losing 15-25% commission to Booking.com/Expedia."
us-lead-365,casa tote,Miami,,,,identified,2026-09-07,"Independent hotel in Miami, USA. No direct booking website. Losing 15-25% commission to Booking.com/Expedia."
us-lead-366,Casa tamara,Miami,,,,identified,2026-09-07,"Independent hotel in Miami, USA. No direct booking website. Losing 15-25% commission to Booking.com/Expedia."
us-lead-367,FANNYLU,Miami,,,,identified,2026-09-07,"Independent hotel in Miami, USA. No direct booking website. Losing 15-25% commission to Booking.com/Expedia."
us-lead-368,Hotel Marialy,Miami,,,,identified,2026-09-07,"Independent hotel in Miami, USA. No direct booking website. Losing 15-25% commission to Booking.com/Expedia."
us-lead-369,Claude Pepper,Miami,+1-305-547-3227,,,identified,2026-09-07,"Independent hotel in Miami, USA. No direct booking website. Losing 15-25% commission to Booking.com/Expedia."
us-lead-370,ex Zubieta,Miami,,,,identified,2026-09-07,"Independent hotel in Miami, USA. No direct booking website. Losing 15-25% commission to Booking.com/Expedia."
us-lead-371,"The Gabriel Miami Downtown, Curio Collection by Hilton",Miami,,,,identified,2026-09-07,"Independent hotel in Miami, USA. No direct booking website. Losing 15-25% commission to Booking.com/Expedia."
us-lead-372,Parkwood Inn,Orlando,,,,identified,2026-09-07,"Independent hotel in Orlando, USA. No direct booking website. Losing 15-25% commission to Booking.com/Expedia."
us-lead-373,Marriott,Orlando,,,,identified,2026-09-07,"Independent hotel in Orlando, USA. No direct booking website. Losing 15-25% commission to Booking.com/Expedia."
us-lead-374,Eight At East,Orlando,,,,identified,2026-09-07,"Independent hotel in Orlando, USA. No direct booking website. Losing 15-25% commission to Booking.com/Expedia."
us-lead-375,Casa da Neia,Orlando,,,,identified,2026-09-07,"Independent hotel in Orlando, USA. No direct booking website. Losing 15-25% commission to Booking.com/Expedia."
us-lead-376,3545 eagle dr,Orlando,,,,identified,2026-09-07,"Independent hotel in Orlando, USA. No direct booking website. Losing 15-25% commission to Booking.com/Expedia."
us-lead-377,cozy,Orlando,,,,identified,2026-09-07,"Independent hotel in Orlando, USA. No direct booking website. Losing 15-25% commission to Booking.com/Expedia."
us-lead-378,The Florida Hotel and Conference Centre,Orlando,,,,identified,2026-09-07,"Independent hotel in Orlando, USA. No direct booking website. Losing 15-25% commission to Booking.com/Expedia."
us-lead-379,Westgate Lakes Resort & Spa,Orlando,,,,identified,2026-09-07,"Independent hotel in Orlando, USA. No direct booking website. Losing 15-25% commission to Booking.com/Expedia."
us-lead-380,Villatel Orlando Resort,Orlando,,,,identified,2026-09-07,"Independent hotel in Orlando, USA. No direct booking website. Losing 15-25% commission to Booking.com/Expedia."
us-lead-381,Delta Hotels by Marriott Orlando Lake Buena Vista,Orlando,,,,identified,2026-09-07,"Independent hotel in Orlando, USA. No direct booking website. Losing 15-25% commission to Booking.com/Expedia."
us-lead-382,The Courtyard at Lake Lucerne,Orlando,,,,identified,2026-09-07,"Independent hotel in Orlando, USA. No direct booking website. Losing 15-25% commission to Booking.com/Expedia."
us-lead-383,JW Marriott Orlando Grande Lakes,Orlando,+1 407 206 2300,,,identified,2026-09-07,"Independent hotel in Orlando, USA. No direct booking website. Losing 15-25% commission to Booking.com/Expedia."
us-lead-384,Crowne Plaza Orlando Downtown,Orlando,,,,identified,2026-09-07,"Independent hotel in Orlando, USA. No direct booking website. Losing 15-25% commission to Booking.com/Expedia."
us-lead-385,Marriott's Cypress Harbour Villas,Orlando,,,,identified,2026-09-07,"Independent hotel in Orlando, USA. No direct booking website. Losing 15-25% commission to Booking.com/Expedia."
us-lead-386,Wingate by Wyndham at Orlando International Airport,Orlando,,,,identified,2026-09-07,"Independent hotel in Orlando, USA. No direct booking website. Losing 15-25% commission to Booking.com/Expedia."
us-lead-387,Floral Inn,Los Angeles,,,,identified,2026-09-07,"Independent hotel in Los Angeles, USA. No direct booking website. Losing 15-25% commission to Booking.com/Expedia."
us-lead-388,Proper,Los Angeles,,,,identified,2026-09-07,"Independent hotel in Los Angeles, USA. No direct booking website. Losing 15-25% commission to Booking.com/Expedia."
us-lead-389,Rodeway Inn,Los Angeles,,,,identified,2026-09-07,"Independent hotel in Los Angeles, USA. No direct booking website. Losing 15-25% commission to Booking.com/Expedia."
us-lead-390,Long Beach Motel,Los Angeles,,,,identified,2026-09-07,"Independent hotel in Los Angeles, USA. No direct booking website. Losing 15-25% commission to Booking.com/Expedia."
us-lead-391,Tradewinds Airport Hotel,Los Angeles,,,,identified,2026-09-07,"Independent hotel in Los Angeles, USA. No direct booking website. Losing 15-25% commission to Booking.com/Expedia."
us-lead-392,Hostelling International - Los Angeles/Santa Monica,Los Angeles,,,,identified,2026-09-07,"Independent hotel in Los Angeles, USA. No direct booking website. Losing 15-25% commission to Booking.com/Expedia."
us-lead-393,Venice Admiral Suites,Los Angeles,,,,identified,2026-09-07,"Independent hotel in Los Angeles, USA. No direct booking website. Losing 15-25% commission to Booking.com/Expedia."
us-lead-394,Koryu,Los Angeles,,,,identified,2026-09-07,"Independent hotel in Los Angeles, USA. No direct booking website. Losing 15-25% commission to Booking.com/Expedia."
us-lead-395,Ray W. Suites,Los Angeles,,,,identified,2026-09-07,"Independent hotel in Los Angeles, USA. No direct booking website. Losing 15-25% commission to Booking.com/Expedia."
us-lead-396,Venice Beach Hostel,Los Angeles,,,,identified,2026-09-07,"Independent hotel in Los Angeles, USA. No direct booking website. Losing 15-25% commission to Booking.com/Expedia."
us-lead-397,Jolly Roger Hotel,Los Angeles,,,,identified,2026-09-07,"Independent hotel in Los Angeles, USA. No direct booking website. Losing 15-25% commission to Booking.com/Expedia."
us-lead-398,Oakwood At The Village Redondo Beach,Los Angeles,,,,identified,2026-09-07,"Independent hotel in Los Angeles, USA. No direct booking website. Losing 15-25% commission to Booking.com/Expedia."
us-lead-399,Knights Inn,Los Angeles,,,,identified,2026-09-07,"Independent hotel in Los Angeles, USA. No direct booking website. Losing 15-25% commission to Booking.com/Expedia."
us-lead-400,Lawrence Motel,Los Angeles,,,,identified,2026-09-07,"Independent hotel in Los Angeles, USA. No direct booking website. Losing 15-25% commission to Booking.com/Expedia."
us-lead-401,Maison Los Angeles 1st unit,Los Angeles,,,,identified,2026-09-07,"Independent hotel in Los Angeles, USA. No direct booking website. Losing 15-25% commission to Booking.com/Expedia."
us-lead-402,Coast Hotel,San Francisco,,,,identified,2026-09-07,"Independent hotel in San Francisco, USA. No direct booking website. Losing 15-25% commission to Booking.com/Expedia."
us-lead-403,Hotel Union Square,San Francisco,,,,identified,2026-09-07,"Independent hotel in San Francisco, USA. No direct booking website. Losing 15-25% commission to Booking.com/Expedia."
us-lead-404,Herbert Hotel,San Francisco,,,,identified,2026-09-07,"Independent hotel in San Francisco, USA. No direct booking website. Losing 15-25% commission to Booking.com/Expedia."
us-lead-405,Star Motel,San Francisco,,,,identified,2026-09-07,"Independent hotel in San Francisco, USA. No direct booking website. Losing 15-25% commission to Booking.com/Expedia."
us-lead-406,Edward II Inn,San Francisco,,,,identified,2026-09-07,"Independent hotel in San Francisco, USA. No direct booking website. Losing 15-25% commission to Booking.com/Expedia."
us-lead-407,Hi Hostel Downtown,San Francisco,+1-415-788-5604,sfdowntown@hiusa.org,,identified,2026-09-07,"Independent hotel in San Francisco, USA. No direct booking website. Losing 15-25% commission to Booking.com/Expedia."
us-lead-408,Backpackers Hostel Union Square,San Francisco,,,,identified,2026-09-07,"Independent hotel in San Francisco, USA. No direct booking website. Losing 15-25% commission to Booking.com/Expedia."
us-lead-409,Sunnyside Hotel,San Francisco,,,,identified,2026-09-07,"Independent hotel in San Francisco, USA. No direct booking website. Losing 15-25% commission to Booking.com/Expedia."
us-lead-410,Water's Edge,San Francisco,,,,identified,2026-09-07,"Independent hotel in San Francisco, USA. No direct booking website. Losing 15-25% commission to Booking.com/Expedia."
us-lead-411,Mayflower Hotel,San Francisco,,,,identified,2026-09-07,"Independent hotel in San Francisco, USA. No direct booking website. Losing 15-25% commission to Booking.com/Expedia."
us-lead-412,Pontiac Hotel,San Francisco,,,,identified,2026-09-07,"Independent hotel in San Francisco, USA. No direct booking website. Losing 15-25% commission to Booking.com/Expedia."
us-lead-413,Hotel Shahil,San Francisco,,,,identified,2026-09-07,"Independent hotel in San Francisco, USA. No direct booking website. Losing 15-25% commission to Booking.com/Expedia."
us-lead-414,Susie Hotel,San Francisco,,,,identified,2026-09-07,"Independent hotel in San Francisco, USA. No direct booking website. Losing 15-25% commission to Booking.com/Expedia."
us-lead-415,Krishna Hotel,San Francisco,,,,identified,2026-09-07,"Independent hotel in San Francisco, USA. No direct booking website. Losing 15-25% commission to Booking.com/Expedia."
us-lead-416,Dana & Dennis,San Francisco,,,,identified,2026-09-07,"Independent hotel in San Francisco, USA. No direct booking website. Losing 15-25% commission to Booking.com/Expedia."
us-lead-417,Baymont Inn and Suites,Austin,,,,identified,2026-09-07,"Independent hotel in Austin, USA. No direct booking website. Losing 15-25% commission to Booking.com/Expedia."
us-lead-418,Omni Hotel & Resorts,Austin,,,,identified,2026-09-07,"Independent hotel in Austin, USA. No direct booking website. Losing 15-25% commission to Booking.com/Expedia."
us-lead-419,Corporate Lodging - Austin,Austin,,,,identified,2026-09-07,"Independent hotel in Austin, USA. No direct booking website. Losing 15-25% commission to Booking.com/Expedia."
us-lead-420,WorldMark Austin,Austin,,,,identified,2026-09-07,"Independent hotel in Austin, USA. No direct booking website. Losing 15-25% commission to Booking.com/Expedia."
us-lead-421,Home,Austin,+1-512-401-0396,Hshopson@gmail.com,,identified,2026-09-07,"Independent hotel in Austin, USA. No direct booking website. Losing 15-25% commission to Booking.com/Expedia."
us-lead-422,Sonterra Apartments,Austin,,,,identified,2026-09-07,"Independent hotel in Austin, USA. No direct booking website. Losing 15-25% commission to Booking.com/Expedia."
us-lead-423,Lone Star Lofts,Austin,,,,identified,2026-09-07,"Independent hotel in Austin, USA. No direct booking website. Losing 15-25% commission to Booking.com/Expedia."
us-lead-424,Habitat Suites,Austin,,,,identified,2026-09-07,"Independent hotel in Austin, USA. No direct booking website. Losing 15-25% commission to Booking.com/Expedia."
us-lead-425,Tru by Hilton Pflugerville,Austin,+1 737-610-5100,,,identified,2026-09-07,"Independent hotel in Austin, USA. No direct booking website. Losing 15-25% commission to Booking.com/Expedia."
us-lead-426,Wilder Apartments,Austin,,,,identified,2026-09-07,"Independent hotel in Austin, USA. No direct booking website. Losing 15-25% commission to Booking.com/Expedia."
us-lead-427,Camp Mabry Lodging,Austin,,,,identified,2026-09-07,"Independent hotel in Austin, USA. No direct booking website. Losing 15-25% commission to Booking.com/Expedia."
us-lead-428,Tru,Austin,,,,identified,2026-09-07,"Independent hotel in Austin, USA. No direct booking website. Losing 15-25% commission to Booking.com/Expedia."
us-lead-429,HomeTowne Studios Austin West,Austin,,,,identified,2026-09-07,"Independent hotel in Austin, USA. No direct booking website. Losing 15-25% commission to Booking.com/Expedia."
us-lead-430,Extended Stay America - Austin - Metro,Austin,,,,identified,2026-09-07,"Independent hotel in Austin, USA. No direct booking website. Losing 15-25% commission to Booking.com/Expedia."
us-lead-431,Crowne Plaza Austin,Austin,,,,identified,2026-09-07,"Independent hotel in Austin, USA. No direct booking website. Losing 15-25% commission to Booking.com/Expedia."
us-lead-432,Hotel Peter & Paul,New Orleans,,,,identified,2026-09-07,"Independent hotel in New Orleans, USA. No direct booking website. Losing 15-25% commission to Booking.com/Expedia."
us-lead-433,India House hostel,New Orleans,,,,identified,2026-09-07,"Independent hotel in New Orleans, USA. No direct booking website. Losing 15-25% commission to Booking.com/Expedia."
us-lead-434,La Galerie Hotel,New Orleans,,,,identified,2026-09-07,"Independent hotel in New Orleans, USA. No direct booking website. Losing 15-25% commission to Booking.com/Expedia."
us-lead-435,Bluegreen Club La Pension,New Orleans,,,,identified,2026-09-07,"Independent hotel in New Orleans, USA. No direct booking website. Losing 15-25% commission to Booking.com/Expedia."
us-lead-436,Marquette House,New Orleans,+15045233014,,,identified,2026-09-07,"Independent hotel in New Orleans, USA. No direct booking website. Losing 15-25% commission to Booking.com/Expedia."
us-lead-437,Saint Vincent Guest House,New Orleans,,,,identified,2026-09-07,"Independent hotel in New Orleans, USA. No direct booking website. Losing 15-25% commission to Booking.com/Expedia."
us-lead-438,Casa N Orléans,New Orleans,,,,identified,2026-09-07,"Independent hotel in New Orleans, USA. No direct booking website. Losing 15-25% commission to Booking.com/Expedia."
us-lead-439,Logement,New Orleans,,,,identified,2026-09-07,"Independent hotel in New Orleans, USA. No direct booking website. Losing 15-25% commission to Booking.com/Expedia."
us-lead-440,217 Marina village,New Orleans,,,,identified,2026-09-07,"Independent hotel in New Orleans, USA. No direct booking website. Losing 15-25% commission to Booking.com/Expedia."
us-lead-441,London Lodge,New Orleans,,,,identified,2026-09-07,"Independent hotel in New Orleans, USA. No direct booking website. Losing 15-25% commission to Booking.com/Expedia."
us-lead-442,Lamothe House,New Orleans,,,,identified,2026-09-07,"Independent hotel in New Orleans, USA. No direct booking website. Losing 15-25% commission to Booking.com/Expedia."
us-lead-443,HI Hostel New Orleans,New Orleans,,,,identified,2026-09-07,"Independent hotel in New Orleans, USA. No direct booking website. Losing 15-25% commission to Booking.com/Expedia."
us-lead-444,Melrose Mansion,New Orleans,,,,identified,2026-09-07,"Independent hotel in New Orleans, USA. No direct booking website. Losing 15-25% commission to Booking.com/Expedia."
us-lead-445,Rathbone Mansions,New Orleans,,,,identified,2026-09-07,"Independent hotel in New Orleans, USA. No direct booking website. Losing 15-25% commission to Booking.com/Expedia."
us-lead-446,Quarter House,New Orleans,,,,identified,2026-09-07,"Independent hotel in New Orleans, USA. No direct booking website. Losing 15-25% commission to Booking.com/Expedia."
us-lead-447,Aero Motel,Seattle,,,,identified,2026-09-07,"Independent hotel in Seattle, USA. No direct booking website. Losing 15-25% commission to Booking.com/Expedia."
us-lead-448,Adelaide Apartment,Seattle,,,,identified,2026-09-07,"Independent hotel in Seattle, USA. No direct booking website. Losing 15-25% commission to Booking.com/Expedia."
us-lead-449,The Corona,Seattle,+1-206-854-4400,,,identified,2026-09-07,"Independent hotel in Seattle, USA. No direct booking website. Losing 15-25% commission to Booking.com/Expedia."
us-lead-450,HI-Seattle at American Hotels,Seattle,+1-206-512-4171,stay@americanhotelseattle.com,,identified,2026-09-07,"Independent hotel in Seattle, USA. No direct booking website. Losing 15-25% commission to Booking.com/Expedia."
us-lead-451,Moore Hotel,Seattle,,,,identified,2026-09-07,"Independent hotel in Seattle, USA. No direct booking website. Losing 15-25% commission to Booking.com/Expedia."
us-lead-452,Staybridge Suites - South Lake Union,Seattle,+1-206-596-2301,,,identified,2026-09-07,"Independent hotel in Seattle, USA. No direct booking website. Losing 15-25% commission to Booking.com/Expedia."
us-lead-453,Ontario Hotel,Seattle,+1-206-841-4005,,,identified,2026-09-07,"Independent hotel in Seattle, USA. No direct booking website. Losing 15-25% commission to Booking.com/Expedia."
us-lead-454,Hotel Seattle,Seattle,,,,identified,2026-09-07,"Independent hotel in Seattle, USA. No direct booking website. Losing 15-25% commission to Booking.com/Expedia."
us-lead-455,Columbia Hotel,Seattle,,,,identified,2026-09-07,"Independent hotel in Seattle, USA. No direct booking website. Losing 15-25% commission to Booking.com/Expedia."
us-lead-456,Hotel Ballard,Seattle,,,,identified,2026-09-07,"Independent hotel in Seattle, USA. No direct booking website. Losing 15-25% commission to Booking.com/Expedia."
us-lead-457,Providence Joseph House,Seattle,,,,identified,2026-09-07,"Independent hotel in Seattle, USA. No direct booking website. Losing 15-25% commission to Booking.com/Expedia."
us-lead-458,The Art Inn,Seattle,+1-206-775-8799,,,identified,2026-09-07,"Independent hotel in Seattle, USA. No direct booking website. Losing 15-25% commission to Booking.com/Expedia."
us-lead-459,Hostel Fish,Seattle,,,,identified,2026-09-07,"Independent hotel in Seattle, USA. No direct booking website. Losing 15-25% commission to Booking.com/Expedia."
us-lead-460,Oak Tree Motel,Seattle,,,,identified,2026-09-07,"Independent hotel in Seattle, USA. No direct booking website. Losing 15-25% commission to Booking.com/Expedia."
us-lead-461,Silver Cloud Hotel,Seattle,,,,identified,2026-09-07,"Independent hotel in Seattle, USA. No direct booking website. Losing 15-25% commission to Booking.com/Expedia."
us-lead-462,11th Avenue Hotel and Hostel,Denver,,,,identified,2026-09-07,"Independent hotel in Denver, USA. No direct booking website. Losing 15-25% commission to Booking.com/Expedia."
us-lead-463,HomeTowne Studios,Denver,,,,identified,2026-09-07,"Independent hotel in Denver, USA. No direct booking website. Losing 15-25% commission to Booking.com/Expedia."
us-lead-464,Marks Home,Denver,,,,identified,2026-09-07,"Independent hotel in Denver, USA. No direct booking website. Losing 15-25% commission to Booking.com/Expedia."
us-lead-465,Skyline View Apartments,Denver,,,,identified,2026-09-07,"Independent hotel in Denver, USA. No direct booking website. Losing 15-25% commission to Booking.com/Expedia."
us-lead-466,AC Hotel Denver Downtown,Denver,,,,identified,2026-09-07,"Independent hotel in Denver, USA. No direct booking website. Losing 15-25% commission to Booking.com/Expedia."
us-lead-467,Urban Phenix at 4 Mile,Denver,,,,identified,2026-09-07,"Independent hotel in Denver, USA. No direct booking website. Losing 15-25% commission to Booking.com/Expedia."
us-lead-468,Westway Motel,Denver,,,,identified,2026-09-07,"Independent hotel in Denver, USA. No direct booking website. Losing 15-25% commission to Booking.com/Expedia."
us-lead-469,The Kasserman,Denver,,,,identified,2026-09-07,"Independent hotel in Denver, USA. No direct booking website. Losing 15-25% commission to Booking.com/Expedia."
us-lead-470,Red Pine Motel,Denver,,,,identified,2026-09-07,"Independent hotel in Denver, USA. No direct booking website. Losing 15-25% commission to Booking.com/Expedia."
us-lead-471,Belcaro Motel,Denver,,,,identified,2026-09-07,"Independent hotel in Denver, USA. No direct booking website. Losing 15-25% commission to Booking.com/Expedia."
us-lead-472,Holiday Motel,Denver,,,,identified,2026-09-07,"Independent hotel in Denver, USA. No direct booking website. Losing 15-25% commission to Booking.com/Expedia."
us-lead-473,Airway Motel,Denver,,,,identified,2026-09-07,"Independent hotel in Denver, USA. No direct booking website. Losing 15-25% commission to Booking.com/Expedia."
us-lead-474,Tru by Hilton Denver Airport Tower Road,Denver,,,,identified,2026-09-07,"Independent hotel in Denver, USA. No direct booking website. Losing 15-25% commission to Booking.com/Expedia."
us-lead-475,Homewood Suites by Hilton Denver Airport Tower Road,Denver,,,,identified,2026-09-07,"Independent hotel in Denver, USA. No direct booking website. Losing 15-25% commission to Booking.com/Expedia."
us-lead-476,Tru by Hilton / Home2 Suites by Hilton,Denver,+1 303-759-1301,,,identified,2026-09-07,"Independent hotel in Denver, USA. No direct booking website. Losing 15-25% commission to Booking.com/Expedia."
us-serper-0477,Contact us,New York,,info@hotelboutiqueny.com,https://www.hotelboutiqueatgrandcentral.com/contact/,identified,2026-09-07,USA independent hotel in New York found via live Google Search. No direct booking site. Losing 15-25% to Booking.com/Expedia.
us-serper-0478,Contact,New York,,reservations@hotelatfifthavenyc.com,https://www.hotelatfifthavenuenyc.com/contact,identified,2026-09-07,USA independent hotel in New York found via live Google Search. No direct booking site. Losing 15-25% to Booking.com/Expedia.
us-serper-0479,Virgin Hotels New York,New York,+1 (877)499-5277,,https://virginhotels.com/new-york/,identified,2026-09-07,USA independent hotel in New York found via live Google Search. No direct booking site. Losing 15-25% to Booking.com/Expedia.
us-serper-0480,Contact Information,New York,,FiftyFD@sonesta.com,,identified,2026-09-07,USA independent hotel in New York found via live Google Search. No direct booking site. Losing 15-25% to Booking.com/Expedia.
us-serper-0481,Contact The Mark Hotel NYC,New York,+1 866 744 4300,reservations@themarkhotel.com,https://www.themarkhotel.com/information/contact/,identified,2026-09-07,USA independent hotel in New York found via live Google Search. No direct booking site. Losing 15-25% to Booking.com/Expedia.
us-serper-0482,Does anyone have an email address for Ne,New York,,nynyreservations@nynyvegas.com,,identified,2026-09-07,USA independent hotel in New York found via live Google Search. No direct booking site. Losing 15-25% to Booking.com/Expedia.
us-serper-0483,Crowne Plaza Manhattan Times Square,New York,+1-212-5813300,reservations@cptsnyc.com,https://www.ihg.com/crowneplaza/hotels/us/en/new-york/nycat/hoteldetail,identified,2026-09-07,USA independent hotel in New York found via live Google Search. No direct booking site. Losing 15-25% to Booking.com/Expedia.
us-serper-0484,Hotels in New York City,New York,,talktous@themusehotel.com,https://www.themusehotel.com/contact-us,identified,2026-09-07,USA independent hotel in New York found via live Google Search. No direct booking site. Losing 15-25% to Booking.com/Expedia.
us-serper-0485,Public Hotel New York,New York,,reservationsny@publichotels.com,https://www.publichotels.com/newyork/contact,identified,2026-09-07,USA independent hotel in New York found via live Google Search. No direct booking site. Losing 15-25% to Booking.com/Expedia.
us-serper-0486,Luxury Miami Hotels,Miami,,MiamiBilling@ihg.com,https://www.icmiamihotel.com/contact,identified,2026-09-07,USA independent hotel in Miami found via live Google Search. No direct booking site. Losing 15-25% to Booking.com/Expedia.
us-serper-0487,The Miami Beach EDITION,Miami,+1 786 257 4500,,https://www.editionhotels.com/miami-beach/,identified,2026-09-07,USA independent hotel in Miami found via live Google Search. No direct booking site. Losing 15-25% to Booking.com/Expedia.
us-serper-0488,Contact Us,Miami,+1(786)913 0680,Frontdesk@thenewyorkermiami.com,,identified,2026-09-07,USA independent hotel in Miami found via live Google Search. No direct booking site. Losing 15-25% to Booking.com/Expedia.
us-serper-0489,Casa Boutique Hotel Miami,Miami,+1 (786) 216 7780,frontdesk@casamiamihotel.com,https://www.casamiamihotel.com/,identified,2026-09-07,USA independent hotel in Miami found via live Google Search. No direct booking site. Losing 15-25% to Booking.com/Expedia.
us-serper-0490,Contact Us Today,Miami,,frontdesk@hoteltrouvail.com,https://www.hoteltrouvailmiamibeach.com/get-in-touch,identified,2026-09-07,USA independent hotel in Miami found via live Google Search. No direct booking site. Losing 15-25% to Booking.com/Expedia.
us-serper-0491,Luxury Boutique Hotel Close to South Bea,Miami,,info@esmehotel.com,https://www.esmehotel.com/,identified,2026-09-07,USA independent hotel in Miami found via live Google Search. No direct booking site. Losing 15-25% to Booking.com/Expedia.
us-serper-0492,Hotels In Los Angeles,Los Angeles,,info@hotelperla.com,https://hotelperla.com/,identified,2026-09-07,USA independent hotel in Los Angeles found via live Google Search. No direct booking site. Losing 15-25% to Booking.com/Expedia.
us-serper-0493,Las Vegas Hotel Reservations,Las Vegas,,frontdesk@serenevegas.com,,identified,2026-09-07,USA independent hotel in Las Vegas found via live Google Search. No direct booking site. Losing 15-25% to Booking.com/Expedia.
